cell_sets_per_sec,cumulative_flops,cumulative_flops_val_sync,decoder_loss,epoch,mfu (%),step,train/gradient_norm,train_loss,val/decoder_loss,val_loss
13.607277870178223,121356599427072.0,,0.49406421184539795,1,6.88055419921875,49,11.960046768188477,2.9389123916625977,,
12.078523635864258,242713198854144.0,,0.28458237648010254,3,6.1075358390808105,99,7.759678840637207,1.6629953384399414,,
9.430014610290527,364069815058432.0,,0.2597024440765381,5,3.3568906784057617,149,8.625353813171387,0.7874205112457275,,
8.095662117004395,485426397708288.0,,0.20600557327270508,7,2.8818886280059814,199,12.17839241027832,0.3772740960121155,,
9.269867897033691,606782980358144.0,,0.2802010774612427,9,3.29988169670105,249,4.459191799163818,0.3311687111854553,,
13.003988265991211,728139630116864.0,,0.3567779064178467,11,4.629151344299316,299,6.772180557250977,0.3638916015625,,
8.658105850219727,849496212766720.0,,0.20856130123138428,13,3.0821073055267334,349,5.2340593338012695,0.2316247820854187,,
,970852795416576.0,,0.19545531272888184,15,,399,6.765023231506348,0.19712841510772705,,
,1092209445175296.0,,0.25610995292663574,17,,449,11.43305778503418,0.2591019868850708,,
,1213565960716288.0,,0.19498813152313232,19,,499,7.442920684814453,0.2040920853614807,,
,1334922677583872.0,,0.20159029960632324,21,,549,3.531208038330078,0.20176196098327637,,
,1456279260233728.0,,0.2854393720626831,23,,599,16.047014236450195,0.27199405431747437,,
14.531888961791992,1577635842883584.0,,0.2450336515903473,24,7.348086357116699,649,3.7274510860443115,0.2350577414035797,,
51.761634826660156,1698992425533440.0,,0.15971481800079346,26,26.173398971557617,699,6.734281063079834,0.12575292587280273,,
10.47597599029541,1820349008183296.0,,0.15659964084625244,28,5.297203540802002,749,4.741948127746582,0.14306491613388062,,
8.819421768188477,1941705590833152.0,,0.18276572227478027,30,3.1395323276519775,799,5.556494235992432,0.13892590999603271,,
8.929091453552246,2063062307700736.0,,0.13243722915649414,32,3.178572416305542,849,6.3663787841796875,0.12124842405319214,,
8.264535903930664,2184418890350592.0,,0.23190760612487793,34,2.9420042037963867,899,4.904561519622803,0.17757916450500488,,
8.091591835021973,2305775473000448.0,,0.23179888725280762,36,2.8804397583007812,949,6.956988334655762,0.16929662227630615,,
8.400733947753906,2427131921432576.0,,0.14389967918395996,38,2.990487813949585,999,4.035566329956055,0.12676990032196045,,
,2548488638300160.0,,0.1316547393798828,40,,1049,4.285835266113281,0.11934226751327515,,
,2669845355167744.0,,0.155836820602417,42,,1099,3.0910959243774414,0.13943123817443848,,
,2791201803599872.0,,0.12311255931854248,44,,1149,3.457639217376709,0.0940866470336914,,
,2912558520467456.0,,0.1281682252883911,46,,1199,2.4301846027374268,0.09800416231155396,,
,3033914968899584.0,,0.13230645656585693,48,,1249,2.980663537979126,0.12724000215530396,,
12.731029510498047,3155271685767168.0,,0.15714989602565765,49,6.437477111816406,1299,2.3476929664611816,0.1422806680202484,,
12.379353523254395,3276628402634752.0,,0.11288011074066162,51,6.259651184082031,1349,3.1932570934295654,0.09417068958282471,,
12.791199684143066,3397984851066880.0,,0.10436737537384033,53,6.467902183532715,1399,2.5305213928222656,0.09117865562438965,,
17.144041061401367,3519341567934464.0,,0.12472856044769287,55,6.1029253005981445,1449,2.655287027359009,0.0887344479560852,,
8.432330131530762,3640698016366592.0,,0.11708271503448486,57,3.0017356872558594,1499,3.76589035987854,0.1226242184638977,,
8.958416938781738,3762054733234176.0,,0.14613878726959229,59,3.189011812210083,1549,2.56235933303833,0.10364699363708496,,
9.606512069702148,3883411181666304.0,,0.15560996532440186,61,3.41972017288208,1599,2.9006290435791016,0.10705405473709106,,
9.153565406799316,4004767898533888.0,,0.09374845027923584,63,3.2584803104400635,1649,2.3716859817504883,0.07458102703094482,,
,4126124615401472.0,,0.09636533260345459,65,,1699,2.635171413421631,0.06951761245727539,,
,4247481063833600.0,,0.11907660961151123,67,,1749,2.3333988189697266,0.08300602436065674,,
,4368837780701184.0,,0.0905526876449585,69,,1799,2.299670934677124,0.06438493728637695,,
,4490194229133312.0,,0.1045684814453125,71,,1849,2.4086532592773438,0.07277083396911621,,
,4611550946000896.0,,0.09912645816802979,73,,1899,1.9785655736923218,0.07573044300079346,,
13.009180068969727,4732907394433024.0,,0.10832042992115021,74,6.578124523162842,1949,2.1639413833618164,0.08873338997364044,,
12.536025047302246,4854263842865152.0,,0.08839881420135498,76,6.338872909545898,1999,1.8160450458526611,0.059729576110839844,,
,,4854263842865152.0,,76,,1999,,,0.4533534049987793,0.27873244881629944
12.56077766418457,4975620828168192.0,,0.08721041679382324,78,6.351388454437256,2049,1.7979516983032227,0.06521397829055786,,
7.6935319900512695,5096977276600320.0,,0.10258722305297852,80,2.738738536834717,2099,2.760737419128418,0.07325863838195801,,
8.673972129821777,5218333725032448.0,,0.15595436096191406,82,3.087754964828491,2149,2.5362472534179688,0.12126636505126953,,
9.424027442932129,5339690710335488.0,,0.12538647651672363,84,3.3547592163085938,2199,2.402947187423706,0.09219473600387573,,
8.993350982666016,5461047158767616.0,,0.1377021074295044,86,3.2014472484588623,2249,2.4529354572296143,0.09600633382797241,,
9.644610404968262,5582403607199744.0,,0.08344697952270508,88,3.4332821369171143,2299,2.0546746253967285,0.06454873085021973,,
,5703760055631872.0,,0.08023607730865479,90,,2349,1.6208431720733643,0.055587708950042725,,
,5825117040934912.0,,0.10599422454833984,92,,2399,2.096339464187622,0.06945031881332397,,
,5946473489367040.0,,0.07930445671081543,94,,2449,1.94529390335083,0.051657021045684814,,
,6067829937799168.0,,0.09312164783477783,96,,2499,1.8475829362869263,0.05881470441818237,,
,6189186923102208.0,,0.08660566806793213,98,,2549,1.625948190689087,0.05919092893600464,,
13.086182594299316,6310543371534336.0,,0.09942779690027237,99,6.617061138153076,2599,2.5279722213745117,0.08607368171215057,,
10.83944034576416,6431899819966464.0,,0.07957243919372559,101,5.480989933013916,2649,1.6875778436660767,0.04851245880126953,,
13.13379955291748,6553256805269504.0,,0.0787438154220581,103,6.641138553619385,2699,1.5527610778808594,0.0593639612197876,,
9.130733489990234,6674613253701632.0,,0.07342803478240967,105,3.250352621078491,2749,1.5308727025985718,0.054985105991363525,,
7.952336311340332,6795969702133760.0,,0.20751917362213135,107,2.8308677673339844,2799,2.245540142059326,0.15054035186767578,,
8.723356246948242,6917326150565888.0,,0.10847187042236328,109,3.105334758758545,2849,1.7839521169662476,0.07461303472518921,,
8.439924240112305,7038683135868928.0,,0.11642670631408691,111,3.004438877105713,2899,1.4817417860031128,0.07594871520996094,,
9.781912803649902,7160039584301056.0,,0.07756316661834717,113,3.482158899307251,2949,1.7227810621261597,0.05415743589401245,,
,7281396032733184.0,,0.0759878158569336,115,,2999,1.44426429271698,0.05311405658721924,,
,7402753018036224.0,,0.09354424476623535,117,,3049,1.4641579389572144,0.06418716907501221,,
,7524109466468352.0,,0.06836891174316406,119,,3099,1.336923599243164,0.04550635814666748,,
,7645465914900480.0,,0.08014810085296631,121,,3149,1.2446653842926025,0.052206993103027344,,
,7766822363332608.0,,0.0810161828994751,123,,3199,1.4841476678848267,0.05534708499908447,,
13.271404266357422,7888179348635648.0,,0.08127918094396591,124,6.710718631744385,3249,1.6849294900894165,0.060709476470947266,,
12.55223560333252,8009535797067776.0,,0.0717998743057251,126,6.347069263458252,3299,1.5769932270050049,0.04583573341369629,,
12.211104393005371,8130892245499904.0,,0.06907987594604492,128,6.174575328826904,3349,1.3934834003448486,0.04884260892868042,,
7.367778301239014,8252249230802944.0,,0.06852495670318604,130,2.622776985168457,3399,1.4179182052612305,0.044728994369506836,,
8.357582092285156,8373605679235072.0,,0.20105719566345215,132,2.9751267433166504,3449,1.8992160558700562,0.14162111282348633,,
10.019375801086426,8494962127667200.0,,0.10464811325073242,134,3.5666911602020264,3499,1.6293705701828003,0.068015456199646,,
7.787793159484863,8616318576099328.0,,0.11272799968719482,136,2.77229380607605,3549,1.5200961828231812,0.0687483549118042,,
8.623174667358398,8737675561402368.0,,0.0691061019897461,138,3.069672107696533,3599,1.433305263519287,0.04347097873687744,,
,8859032009834496.0,,0.07316029071807861,140,,3649,1.6384055614471436,0.05050688982009888,,
,8980388458266624.0,,0.0903465747833252,142,,3699,1.2314660549163818,0.06100815534591675,,
,9101745443569664.0,,0.06606841087341309,144,,3749,1.2770684957504272,0.04109537601470947,,
,9223101892001792.0,,0.07634663581848145,146,,3799,0.9747635722160339,0.04606342315673828,,
,9344458340433920.0,,0.06870627403259277,148,,3849,1.2106372117996216,0.04368472099304199,,
14.392383575439453,9465814788866048.0,,0.06279678642749786,149,7.277544975280762,3899,1.1441478729248047,0.046457670629024506,,
11.403361320495605,9587171237298176.0,,0.06752443313598633,151,5.766138553619385,3949,1.3304576873779297,0.038531720638275146,,
13.020652770996094,9708527685730304.0,,0.06204867362976074,153,6.583925724029541,3999,1.1722559928894043,0.043233275413513184,,
,,9708527685730304.0,,153,,3999,,,0.38675764203071594,0.29121431708335876
8.887921333312988,9829885207904256.0,,0.06280028820037842,155,3.163916826248169,4049,1.2505521774291992,0.043468177318573,,
8.830224990844727,9951241656336384.0,,0.23725664615631104,157,3.1433777809143066,4099,1.6425808668136597,0.12761688232421875,,
9.406319618225098,1.0072598104768512e+16,,0.09784185886383057,159,3.3484556674957275,4149,1.3497751951217651,0.06543219089508057,,
8.726066589355469,1.019395455320064e+16,,0.10084760189056396,161,3.106299638748169,4199,1.1714990139007568,0.06569647789001465,,
9.971233367919922,1.0315311001632768e+16,,0.06943380832672119,163,3.549553394317627,4249,1.3613901138305664,0.04017537832260132,,
,1.0436667450064896e+16,,0.06957137584686279,165,,4299,1.3005224466323853,0.05059969425201416,,
,1.0558023898497024e+16,,0.08808708190917969,167,,4349,1.1424044370651245,0.05664324760437012,,
,1.0679381420670976e+16,,0.06180429458618164,169,,4399,1.1543481349945068,0.04037755727767944,,
,1.0800737869103104e+16,,0.07587540149688721,171,,4449,1.1542304754257202,0.04756057262420654,,
,1.0922094317535232e+16,,0.0663611888885498,173,,4499,1.0788406133651733,0.043545305728912354,,
11.48046875,1.104345076596736e+16,,0.06268024444580078,174,5.8051276206970215,4549,1.0035210847854614,0.045697689056396484,,
10.102375030517578,1.1164807214399488e+16,,0.06345200538635254,176,5.108291149139404,4599,1.2424860000610352,0.04033631086349487,,
11.99095630645752,1.1286163662831616e+16,,0.06068277359008789,178,6.063257217407227,4649,1.0509247779846191,0.04130101203918457,,
8.378117561340332,1.1407520111263744e+16,,0.0594477653503418,180,2.9824371337890625,4699,1.1460374593734741,0.035954058170318604,,
8.225140571594238,1.1528877633437696e+16,,0.23781847953796387,182,2.9279801845550537,4749,1.6316941976547241,0.12884604930877686,,
8.235613822937012,1.1650234081869824e+16,,0.09751248359680176,184,2.931708574295044,4799,1.130863070487976,0.06016272306442261,,
8.35067367553711,1.1771590530301952e+16,,0.09892153739929199,186,2.9726674556732178,4849,1.0633114576339722,0.06383901834487915,,
8.74739933013916,1.189294697873408e+16,,0.058386802673339844,188,3.113893508911133,4899,1.0095138549804688,0.03662431240081787,,
,1.2014303427166208e+16,,0.06286156177520752,190,,4949,1.0123767852783203,0.03820067644119263,,
,1.2135659875598336e+16,,0.08043789863586426,192,,4999,0.9997364282608032,0.053370118141174316,,
,1.2257016324030464e+16,,0.058449387550354004,194,,5049,0.9870239496231079,0.036906301975250244,,
,1.2378373846204416e+16,,0.08023619651794434,196,,5099,1.206345796585083,0.04376798868179321,,
,1.2499730294636544e+16,,0.0615236759185791,198,,5149,0.9196617603302002,0.0392223596572876,,
11.664510726928711,1.2621086743068672e+16,,0.060065653175115585,199,5.898189067840576,5199,0.9320728778839111,0.04304618760943413,,
13.360008239746094,1.27424431915008e+16,,0.05934309959411621,201,6.755521297454834,5249,0.8526015281677246,0.03461521863937378,,
19.38136100769043,1.2863799639932928e+16,,0.06030690670013428,203,9.800233840942383,5299,1.0265543460845947,0.04190796613693237,,
8.210121154785156,1.2985156088365056e+16,,0.05563151836395264,205,2.9226338863372803,5349,0.9466565251350403,0.03529238700866699,,
8.24869155883789,1.3106513610539008e+16,,0.2303633689880371,207,2.93636417388916,5399,1.2478699684143066,0.1215406060218811,,
10.112964630126953,1.3227870058971136e+16,,0.08858811855316162,209,3.600006580352783,5449,0.8254747986793518,0.056489408016204834,,
7.991358757019043,1.3349226507403264e+16,,0.09708046913146973,211,2.8447587490081787,5499,1.010467767715454,0.0645362138748169,,
9.176299095153809,1.3470582955835392e+16,,0.05772590637207031,213,3.266572952270508,5549,0.9317110776901245,0.03729081153869629,,
,1.359193940426752e+16,,0.06498324871063232,215,,5599,1.2017059326171875,0.03630185127258301,,
,1.3713295852699648e+16,,0.07887935638427734,217,,5649,0.8906375765800476,0.049591779708862305,,
,1.3834652301131776e+16,,0.057094693183898926,219,,5699,0.9908907413482666,0.03470379114151001,,
,1.3956009823305728e+16,,0.0695427656173706,221,,5749,0.8366892337799072,0.03918123245239258,,
,1.4077366271737856e+16,,0.058757781982421875,223,,5799,0.7731290459632874,0.03725653886795044,,
21.886550903320312,1.4198722720169984e+16,,0.06003418192267418,224,11.06698989868164,5849,0.9639450907707214,0.04075183719396591,,
10.172945022583008,1.4320079168602112e+16,,0.057836174964904785,226,5.143975257873535,5899,0.9225387573242188,0.03622305393218994,,
13.708523750305176,1.444143561703424e+16,,0.09678125381469727,228,6.93174934387207,5949,2.7177629470825195,0.07589977979660034,,
8.879192352294922,1.4562792065466368e+16,,0.09953629970550537,230,3.160809278488159,5999,1.830048680305481,0.07128626108169556,,
,,1.4562792065466368e+16,,230,,5999,,,0.3442811667919159,0.291096568107605
8.57103443145752,1.4684148513898496e+16,,0.0785219669342041,232,3.0511114597320557,6049,1.5096668004989624,0.0588681697845459,,
8.233369827270508,1.4805506036072448e+16,,0.11371743679046631,234,2.9309096336364746,6099,1.311031699180603,0.07624644041061401,,
8.288237571716309,1.4926862484504576e+16,,0.13169491291046143,236,2.950441598892212,6149,1.6975313425064087,0.0990639328956604,,
9.934999465942383,1.5048218932936704e+16,,0.06635308265686035,238,3.5366549491882324,6199,1.1149615049362183,0.0478283166885376,,
,1.5169575381368832e+16,,0.06226229667663574,240,,6249,0.8824945092201233,0.03993278741836548,,
,1.529093182980096e+16,,0.07832479476928711,242,,6299,0.7611262202262878,0.04898250102996826,,
,1.5412288278233088e+16,,0.051502346992492676,244,,6349,0.6480115652084351,0.03357738256454468,,
,1.5533644726665216e+16,,0.06826984882354736,246,,6399,0.5866654515266418,0.04068022966384888,,
,1.5655002248839168e+16,,0.05760979652404785,248,,6449,0.616004228591919,0.03586083650588989,,
13.889265060424805,1.5776358697271296e+16,,0.0532989501953125,249,7.023141860961914,6499,0.6103516221046448,0.03482847288250923,,
14.601095199584961,1.5897715145703424e+16,,0.05818641185760498,251,7.38308048248291,6549,0.8620555400848389,0.03519761562347412,,
14.275182723999023,1.6019071594135552e+16,,0.0557788610458374,253,7.2182817459106445,6599,0.8219017386436462,0.04011881351470947,,
8.444781303405762,1.614042804256768e+16,,0.05890369415283203,255,3.0061678886413574,6649,0.9483663439750671,0.036820411682128906,,
9.252830505371094,1.6261784490999808e+16,,0.2558412551879883,257,3.2938168048858643,6699,1.38469660282135,0.10166162252426147,,
9.02657413482666,1.6383140939431936e+16,,0.08652937412261963,259,3.2132740020751953,6749,0.7179994583129883,0.053475141525268555,,
7.609316349029541,1.6504498461605888e+16,,0.08651041984558105,261,2.7087597846984863,6799,0.6823263764381409,0.054376840591430664,,
8.27996826171875,1.6625854910038016e+16,,0.05350387096405029,263,2.947497844696045,6849,0.663726806640625,0.03270852565765381,,
,1.6747211358470144e+16,,0.05736875534057617,265,,6899,0.8509801626205444,0.03442549705505371,,
,1.6868567806902272e+16,,0.07385718822479248,267,,6949,0.7456611394882202,0.04841083288192749,,
,1.69899242553344e+16,,0.052321672439575195,269,,6999,0.7458572387695312,0.033777058124542236,,
,1.7111280703766528e+16,,0.06446361541748047,271,,7049,0.7104339003562927,0.04043614864349365,,
,1.7232637152198656e+16,,0.0565565824508667,273,,7099,0.7283930778503418,0.03558468818664551,,
12.56762981414795,1.7353994674372608e+16,,0.05464477464556694,274,6.354853630065918,7149,0.7781606912612915,0.040079690515995026,,
14.054862976074219,1.7475351122804736e+16,,0.05367863178253174,276,7.106876850128174,7199,0.6996222734451294,0.0348355770111084,,
13.59565258026123,1.7596707571236864e+16,,0.05128359794616699,278,6.87467622756958,7249,0.7268596887588501,0.03738057613372803,,
8.943458557128906,1.7718064019668992e+16,,0.04841649532318115,280,3.1836867332458496,7299,0.6855836510658264,0.03127849102020264,,
7.380718231201172,1.783942046810112e+16,,0.24382615089416504,282,2.6273834705352783,7349,1.195398211479187,0.10879284143447876,,
8.753049850463867,1.7960776916533248e+16,,0.08266198635101318,284,3.115905284881592,7399,0.6289470195770264,0.05235171318054199,,
9.832180976867676,1.80821344387072e+16,,0.08492469787597656,286,3.5000534057617188,7449,0.6968992948532104,0.05312615633010864,,
8.06961727142334,1.820349088713933e+16,,0.050289273262023926,288,2.872617244720459,7499,0.6586920619010925,0.029842495918273926,,
,1.8324847335571456e+16,,0.051775217056274414,290,,7549,0.5273492336273193,0.03156691789627075,,
,1.8446203784003584e+16,,0.07116341590881348,292,,7599,0.640895426273346,0.046200335025787354,,
,1.856756023243571e+16,,0.04953503608703613,294,,7649,0.6610682010650635,0.03160357475280762,,
,1.868891668086784e+16,,0.0616985559463501,296,,7699,0.64790940284729,0.03932452201843262,,
,1.881027312929997e+16,,0.05570399761199951,298,,7749,0.6658238172531128,0.03769630193710327,,
13.811738014221191,1.8931629577732096e+16,,0.053522493690252304,299,6.983940124511719,7799,0.6669903993606567,0.03423032909631729,,
44.19700622558594,1.9052986026164224e+16,,0.05837690830230713,301,22.348325729370117,7849,0.8981675505638123,0.03491353988647461,,
12.05650806427002,1.917434247459635e+16,,0.0561145544052124,303,6.0964035987854,7899,0.7118157148361206,0.037582337856292725,,
8.898645401000977,1.929569892302848e+16,,0.05106914043426514,305,3.167734146118164,7949,0.6993662118911743,0.03394824266433716,,
8.657991409301758,1.941705537146061e+16,,0.06366384029388428,307,3.082066297531128,7999,1.0656856298446655,0.059910356998443604,,
,,1.941705537146061e+16,,307,,7999,,,0.3188159167766571,0.2718433141708374
16.45509147644043,1.9538413967376384e+16,,0.08832240104675293,309,5.857673168182373,8049,0.8485089540481567,0.05379694700241089,,
8.582990646362305,1.965977041580851e+16,,0.09199261665344238,311,3.0553674697875977,8099,1.2014806270599365,0.05746191740036011,,
10.461225509643555,1.978112686424064e+16,,0.05870771408081055,313,3.723980665206909,8149,1.1114397048950195,0.04350656270980835,,
,1.990248331267277e+16,,0.057718873023986816,315,,8199,0.630454421043396,0.03587394952774048,,
,2.0023839761104896e+16,,0.07340121269226074,317,,8249,0.7570750117301941,0.04904073476791382,,
,2.0145196209537024e+16,,0.05815112590789795,319,,8299,0.8845868706703186,0.0375332236289978,,
,2.026655265796915e+16,,0.07576191425323486,321,,8349,0.9477688074111938,0.04858708381652832,,
,2.038790910640128e+16,,0.10919761657714844,323,,8399,6.771308422088623,0.08991563320159912,,
11.245722770690918,2.050926555483341e+16,,0.06416549533605576,324,5.686427593231201,8449,0.9098963737487793,0.04620647430419922,,
10.699976921081543,2.0630622003265536e+16,,0.060584068298339844,326,5.410470008850098,8499,0.8287701606750488,0.03733634948730469,,
12.859016418457031,2.0751978451697664e+16,,0.05788862705230713,328,6.502193927764893,8549,0.7025569081306458,0.04116392135620117,,
9.984591484069824,2.087333490012979e+16,,0.05293118953704834,330,3.5543084144592285,8599,0.7167026996612549,0.036316096782684326,,
9.117764472961426,2.099469134856192e+16,,0.06858491897583008,332,3.2457358837127686,8649,0.9268924593925476,0.06354308128356934,,
8.550443649291992,2.111604779699405e+16,,0.08534455299377441,334,3.0437815189361572,8699,0.9351789355278015,0.06366944313049316,,
9.292122840881348,2.1237406392909824e+16,,0.09103631973266602,336,3.3078038692474365,8749,0.6852620244026184,0.05950254201889038,,
11.03920841217041,2.135876284134195e+16,,0.05980420112609863,338,3.9297306537628174,8799,0.7598478198051453,0.03335171937942505,,
,2.148011928977408e+16,,0.06131255626678467,340,,8849,0.9425305724143982,0.039629578590393066,,
,2.160147573820621e+16,,0.08194077014923096,342,,8899,1.640823245048523,0.06056588888168335,,
,2.1722832186638336e+16,,0.053658246994018555,344,,8949,0.7586982846260071,0.03579443693161011,,
,2.1844188635070464e+16,,0.09612882137298584,346,,8999,3.848968505859375,0.066273033618927,,
,2.196554508350259e+16,,0.0845491886138916,348,,9049,1.1399264335632324,0.05650365352630615,,
12.455591201782227,2.208690153193472e+16,,0.05839824676513672,349,6.298201084136963,9099,0.7080573439598083,0.04177255555987358,,
13.908642768859863,2.220825798036685e+16,,0.056873321533203125,351,7.03294038772583,9149,0.6331310272216797,0.03555673360824585,,
11.593996047973633,2.2329614428798976e+16,,0.07349741458892822,353,5.8625335693359375,9199,0.7945829033851624,0.054275572299957275,,
8.01899528503418,2.2450970877231104e+16,,0.07628309726715088,355,2.8545968532562256,9249,2.319237470626831,0.06116575002670288,,
8.880729675292969,2.257232732566323e+16,,0.18799316883087158,357,3.1613564491271973,9299,6.932790756225586,0.08730286359786987,,
8.320070266723633,2.269368377409536e+16,,0.12077569961547852,359,2.961773157119751,9349,1.8150310516357422,0.08818000555038452,,
9.756840705871582,2.281504022252749e+16,,0.09669160842895508,361,3.473233938217163,9399,0.7527289986610413,0.06839108467102051,,
8.5524320602417,2.2936398818443264e+16,,0.052657127380371094,363,3.0444893836975098,9449,0.5580705404281616,0.03290671110153198,,
,2.305775526687539e+16,,0.05423164367675781,365,,9499,0.5371606945991516,0.032273828983306885,,
,2.317911171530752e+16,,0.07231318950653076,367,,9549,0.5126773715019226,0.04634326696395874,,
,2.330046816373965e+16,,0.04903721809387207,369,,9599,0.5638071894645691,0.03177440166473389,,
,2.3421824612171776e+16,,0.06584811210632324,371,,9649,0.5798212885856628,0.04240429401397705,,
,2.3543181060603904e+16,,0.05724596977233887,373,,9699,0.7356192469596863,0.03734421730041504,,
28.4554386138916,2.366453750903603e+16,,0.04775810241699219,374,14.388564109802246,9749,0.547873318195343,0.03335847705602646,,
13.634865760803223,2.378589395746816e+16,,0.0499420166015625,376,6.894504070281982,9799,0.48891371488571167,0.03022158145904541,,
13.404614448547363,2.390725040590029e+16,,0.0511937141418457,378,6.778077125549316,9849,0.564448893070221,0.03616070747375488,,
8.543967247009277,2.4028606854332416e+16,,0.050086140632629395,380,3.041476011276245,9899,0.6378995180130005,0.033262670040130615,,
12.936573028564453,2.4149963302764544e+16,,0.090462327003479,382,4.6051530838012695,9949,2.076817035675049,0.0705265998840332,,
9.117575645446777,2.427131975119667e+16,,0.0898127555847168,384,3.245668888092041,9999,0.8920086026191711,0.057782530784606934,,
,,2.427131975119667e+16,,384,,9999,,,0.4944157600402832,0.36006397008895874
7.945466995239258,2.43926761996288e+16,,0.08641242980957031,386,2.8284223079681396,10049,0.7051157355308533,0.05741894245147705,,
8.630560874938965,2.451403264806093e+16,,0.05285060405731201,388,3.0723018646240234,10099,0.6691756844520569,0.03407710790634155,,
,2.4635391243976704e+16,,0.05400967597961426,390,,10149,0.4917174279689789,0.0327373743057251,,
,2.475674769240883e+16,,0.0730506181716919,392,,10199,0.6746953725814819,0.05199229717254639,,
,2.487810414084096e+16,,0.04941725730895996,394,,10249,0.5456767678260803,0.034211039543151855,,
,2.499946058927309e+16,,0.05992257595062256,396,,10299,0.4443933963775635,0.0353204607963562,,
,2.5120817037705216e+16,,0.05474436283111572,398,,10349,0.5730763673782349,0.03496807813644409,,
12.07852554321289,2.5242173486137344e+16,,0.07287521660327911,399,6.107536792755127,10399,1.0649076700210571,0.04989461973309517,,
14.235139846801758,2.536352993456947e+16,,0.06814324855804443,401,7.198034286499023,10449,1.3058812618255615,0.04586946964263916,,
15.143988609313965,2.54848863830016e+16,,0.054314255714416504,403,7.657595634460449,10499,0.5924819111824036,0.03934967517852783,,
8.350098609924316,2.560624283143373e+16,,0.06026566028594971,405,2.9724628925323486,10549,0.9971086978912354,0.04402422904968262,,
9.009882926940918,2.5727599279865856e+16,,0.21675777435302734,407,3.2073323726654053,10599,3.2638723850250244,0.11186563968658447,,
8.583929061889648,2.5848955728297984e+16,,0.08135581016540527,409,3.055701732635498,10649,0.5407251715660095,0.05212503671646118,,
21.926237106323242,2.597031217673011e+16,,0.07929837703704834,411,7.805288314819336,10699,0.4578939378261566,0.04997307062149048,,
7.151833534240723,2.609166862516224e+16,,0.046486496925354004,413,2.545905113220215,10749,0.486328125,0.030075669288635254,,
,2.6213027221078016e+16,,0.05225849151611328,415,,10799,0.5230908989906311,0.03221219778060913,,
,2.6334383669510144e+16,,0.06897902488708496,417,,10849,0.4965505599975586,0.04458242654800415,,
,2.645574011794227e+16,,0.04526698589324951,419,,10899,0.5185069441795349,0.02983313798904419,,
,2.65770965663744e+16,,0.060871124267578125,421,,10949,0.4613606631755829,0.03777515888214111,,
,2.669845301480653e+16,,0.06017649173736572,423,,10999,0.8549799919128418,0.04086047410964966,,
13.759872436523438,2.6819809463238656e+16,,0.061818696558475494,424,6.957714080810547,11049,1.7780590057373047,0.0471685416996479,,
12.828725814819336,2.6941165911670784e+16,,0.05032455921173096,426,6.48687744140625,11099,0.5593854784965515,0.03448718786239624,,
12.881072044372559,2.706252236010291e+16,,0.048889994621276855,428,6.513346195220947,11149,0.4381798505783081,0.03375101089477539,,
8.741301536560059,2.718387880853504e+16,,0.05689120292663574,430,3.1117231845855713,11199,0.8112185001373291,0.03688788414001465,,
9.865826606750488,2.730523525696717e+16,,0.16804170608520508,432,3.512030839920044,11249,2.4642276763916016,0.09469479322433472,,
11.8006591796875,2.7426591705399296e+16,,0.0798114538192749,434,4.200791358947754,11299,0.5768283009529114,0.05143648386001587,,
9.106030464172363,2.7547948153831424e+16,,0.08089172840118408,436,3.241558790206909,11349,0.5311338901519775,0.05291485786437988,,
9.127429962158203,2.766930460226355e+16,,0.04997289180755615,438,3.2491767406463623,11399,0.5448833703994751,0.030151963233947754,,
,2.779066105069568e+16,,0.05096030235290527,440,,11449,0.6944811940193176,0.03733092546463013,,
,2.7912019646611456e+16,,0.0697174072265625,442,,11499,0.5669589042663574,0.04415762424468994,,
,2.8033376095043584e+16,,0.04691028594970703,444,,11549,0.5886260271072388,0.03255945444107056,,
,2.815473254347571e+16,,0.06050693988800049,446,,11599,0.4855654239654541,0.03967636823654175,,
,2.827608899190784e+16,,0.05560803413391113,448,,11649,0.61122727394104,0.03600287437438965,,
9.564504623413086,2.839744544033997e+16,,0.05627269670367241,449,4.836315631866455,11699,0.639863908290863,0.03702735900878906,,
10.905797004699707,2.8518801888772096e+16,,0.051192402839660645,451,5.514543533325195,11749,0.5428939461708069,0.030278146266937256,,
12.210007667541504,2.8640158337204224e+16,,0.049802184104919434,453,6.174021244049072,11799,0.496884286403656,0.033370137214660645,,
16.027984619140625,2.876151478563635e+16,,0.045261263847351074,455,5.705631732940674,11849,0.42986592650413513,0.028835058212280273,,
11.539616584777832,2.888287123406848e+16,,0.14147841930389404,457,4.107865333557129,11899,5.302924156188965,0.12322163581848145,,
8.359774589538574,2.900422768250061e+16,,0.08055770397186279,459,2.975907325744629,11949,0.5521998405456543,0.049565911293029785,,
9.664273262023926,2.9125584130932736e+16,,0.09264028072357178,461,3.440281867980957,11999,1.2571320533752441,0.06821906566619873,,
,,2.9125584130932736e+16,,461,,11999,,,0.3338654935359955,0.27875542640686035
8.105774879455566,2.9246940579364864e+16,,0.05450606346130371,463,2.885488510131836,12049,0.6185057163238525,0.03664720058441162,,
,2.936829702779699e+16,,0.05361747741699219,465,,12099,0.5858782529830933,0.03385108709335327,,
,2.948965347622912e+16,,0.06936681270599365,467,,12149,0.5416249632835388,0.04430949687957764,,
,2.9611012072144896e+16,,0.04668724536895752,469,,12199,0.4922131299972534,0.02913111448287964,,
,2.9732368520577024e+16,,0.07449901103973389,471,,12249,1.0920941829681396,0.057263195514678955,,
,2.985372496900915e+16,,0.05853152275085449,473,,12299,0.7910740375518799,0.04211503267288208,,
13.485854148864746,2.997508141744128e+16,,0.06235942989587784,474,6.819155693054199,12349,2.061298131942749,0.05380363389849663,,
41.11882781982422,3.009643786587341e+16,,0.047943711280822754,476,20.791839599609375,12399,0.4080180525779724,0.030863702297210693,,
13.06432056427002,3.0217794314305536e+16,,0.05172431468963623,478,6.606006622314453,12449,0.5709594488143921,0.03738945722579956,,
8.270689010620117,3.0339150762737664e+16,,0.05513572692871094,480,2.9441945552825928,12499,3.8708174228668213,0.039357781410217285,,
8.985434532165527,3.046050721116979e+16,,0.3714110851287842,482,3.198629140853882,12549,7.678379058837891,0.1320178508758545,,
17.261810302734375,3.058186365960192e+16,,0.11800634860992432,484,6.144848346710205,12599,6.308801651000977,0.10327237844467163,,
8.703511238098145,3.070322010803405e+16,,0.08978402614593506,486,3.0982706546783447,12649,0.7278847694396973,0.06003153324127197,,
8.567407608032227,3.0824576556466176e+16,,0.0501255989074707,488,3.0498204231262207,12699,0.5172059535980225,0.032859981060028076,,
,3.0945933004898304e+16,,0.058559298515319824,490,,12749,0.6665481925010681,0.041635334491729736,,
,3.106728945333043e+16,,0.06760895252227783,492,,12799,0.562944769859314,0.04504626989364624,,
,3.118864590176256e+16,,0.04559886455535889,494,,12849,0.42314738035202026,0.0301663875579834,,
,3.1310004497678336e+16,,0.06002497673034668,496,,12899,0.8833261132240295,0.03955274820327759,,
,3.1431360946110464e+16,,0.04790854454040527,498,,12949,0.3764658272266388,0.0302581787109375,,
12.600558280944824,3.155271739454259e+16,,0.05248241499066353,499,6.371503829956055,12999,0.5538206100463867,0.03616638109087944,,
13.694082260131836,3.167407384297472e+16,,0.04789447784423828,501,6.924447059631348,13049,0.4158773720264435,0.029176414012908936,,
12.410337448120117,3.179543029140685e+16,,0.04843270778656006,503,6.275318145751953,13099,0.48982593417167664,0.03366905450820923,,
7.989457130432129,3.1916786739838976e+16,,0.047583699226379395,505,2.8440818786621094,13149,0.5478954315185547,0.029935896396636963,,
8.202475547790527,3.2038143188271104e+16,,0.057840704917907715,507,2.919912099838257,13199,1.4754443168640137,0.04585343599319458,,
9.493340492248535,3.215949963670323e+16,,0.08068430423736572,509,3.3794331550598145,13249,0.6385336518287659,0.052038729190826416,,
8.375750541687012,3.228085608513536e+16,,0.07808518409729004,511,2.9815943241119385,13299,0.4370928406715393,0.05046725273132324,,
14.529413223266602,3.240221253356749e+16,,0.049914002418518066,513,5.172171115875244,13349,0.5790782570838928,0.032167136669158936,,
,3.2523568981999616e+16,,0.05021095275878906,515,,13399,0.5358718037605286,0.033383071422576904,,
,3.2644925430431744e+16,,0.06867575645446777,517,,13449,0.5288876891136169,0.045489490032196045,,
,3.276628187886387e+16,,0.050499558448791504,519,,13499,0.6177171468734741,0.03431779146194458,,
,3.2887638327296e+16,,0.058463096618652344,521,,13549,0.42278042435646057,0.03530186414718628,,
,3.3008996923211776e+16,,0.0485994815826416,523,,13599,0.40048468112945557,0.03117513656616211,,
11.671854972839355,3.3130353371643904e+16,,0.05224132537841797,524,5.901902675628662,13649,0.5661963820457458,0.03491325303912163,,
14.859306335449219,3.325170982007603e+16,,0.05047428607940674,526,7.513645648956299,13699,0.5228109955787659,0.03424578905105591,,
11.381753921508789,3.337306626850816e+16,,0.05585932731628418,528,5.755212306976318,13749,0.96986323595047,0.04430389404296875,,
9.053925514221191,3.349442271694029e+16,,0.04886984825134277,530,3.223010778427124,13799,0.5759974718093872,0.030571162700653076,,
9.321670532226562,3.3615779165372416e+16,,0.0712733268737793,532,3.3183224201202393,13849,1.4161351919174194,0.06337100267410278,,
8.253600120544434,3.3737135613804544e+16,,0.08433806896209717,534,2.9381113052368164,13899,0.827817440032959,0.05518674850463867,,
9.555327415466309,3.385849206223667e+16,,0.092551589012146,536,3.4014995098114014,13949,0.7349050045013428,0.06243252754211426,,
8.037674903869629,3.39798485106688e+16,,0.05518996715545654,538,2.861246347427368,13999,0.6725132465362549,0.03895038366317749,,
,,3.39798485106688e+16,,538,,13999,,,0.6133862137794495,0.35161763429641724
,3.410120495910093e+16,,0.05478990077972412,540,,14049,0.7340022921562195,0.040387749671936035,,
,3.4222561407533056e+16,,0.06962311267852783,542,,14099,0.4819248616695404,0.04562574625015259,,
,3.4343917855965184e+16,,0.04995417594909668,544,,14149,0.5660644173622131,0.03183084726333618,,
,3.446527430439731e+16,,0.058766961097717285,546,,14199,0.45635271072387695,0.036819279193878174,,
,3.458663075282944e+16,,0.054390549659729004,548,,14249,0.5943017601966858,0.035446882247924805,,
19.889190673828125,3.4707989348745216e+16,,0.047418784350156784,549,10.057019233703613,14299,0.49520325660705566,0.032865144312381744,,
13.32440185546875,3.4829345797177344e+16,,0.04838144779205322,551,6.737517356872559,14349,0.43787142634391785,0.030467510223388672,,
12.24269962310791,3.495070224560947e+16,,0.0465620756149292,553,6.1905517578125,14399,0.5471396446228027,0.0357549786567688,,
8.440940856933594,3.50720586940416e+16,,0.043399810791015625,555,3.00480055809021,14449,0.49586939811706543,0.03028714656829834,,
12.776045799255371,3.519341514247373e+16,,0.26179778575897217,557,4.548008918762207,14499,2.3470394611358643,0.0961560606956482,,
8.471282958984375,3.5314771590905856e+16,,0.08005261421203613,559,3.0156021118164062,14549,0.4962553083896637,0.04990297555923462,,
8.77362060546875,3.5436128039337984e+16,,0.0784231424331665,561,3.123227834701538,14599,0.5468759536743164,0.05164337158203125,,
9.48196792602539,3.555748448777011e+16,,0.044037818908691406,563,3.375385046005249,14649,0.5108354687690735,0.03051048517227173,,
,3.567884093620224e+16,,0.049657344818115234,565,,14699,0.6009983420372009,0.0368725061416626,,
,3.580019738463437e+16,,0.07021033763885498,567,,14749,0.5772213935852051,0.04716944694519043,,
,3.5921553833066496e+16,,0.055126190185546875,569,,14799,0.7274383902549744,0.039244651794433594,,
,3.604291028149862e+16,,0.07237493991851807,571,,14849,0.8641238212585449,0.05405771732330322,,
,3.61642688774144e+16,,0.056517839431762695,573,,14899,0.6882948279380798,0.039301156997680664,,
13.289054870605469,3.628562317836288e+16,,0.05230465158820152,574,6.719644069671631,14949,0.5118361711502075,0.03617706149816513,,
13.724379539489746,3.640698177427866e+16,,0.05308187007904053,576,6.939767360687256,14999,0.8272386193275452,0.03655487298965454,,
12.693886756896973,3.652833607522714e+16,,0.046694040298461914,578,6.41869592666626,15049,0.4071884751319885,0.030888855457305908,,
10.245670318603516,3.664969467114291e+16,,0.04367995262145996,580,3.647247314453125,15099,0.3752470314502716,0.028161168098449707,,
8.963473320007324,3.677104897209139e+16,,0.06216144561767578,582,3.1908116340637207,15149,1.138232707977295,0.0496060848236084,,
8.16623306274414,3.689240756800717e+16,,0.08083033561706543,584,2.907010316848755,15199,0.6438835859298706,0.05316740274429321,,
8.65495491027832,3.701376186895565e+16,,0.0771644115447998,586,3.0809853076934814,15249,0.44742918014526367,0.04816704988479614,,
11.347426414489746,3.713512046487142e+16,,0.043132901191711426,588,4.039449691772461,15299,0.4373345375061035,0.02855604887008667,,
,3.72564790607872e+16,,0.05143332481384277,590,,15349,0.5366136431694031,0.0334969162940979,,
,3.737783336173568e+16,,0.06848907470703125,592,,15399,0.5135765671730042,0.0449640154838562,,
,3.749919195765146e+16,,0.04925119876861572,594,,15449,0.5192825198173523,0.03328502178192139,,
,3.762054625859994e+16,,0.06037330627441406,596,,15499,0.41117775440216064,0.038628339767456055,,
,3.774190485451571e+16,,0.051992177963256836,598,,15549,0.475658118724823,0.033858299255371094,,
14.212985038757324,3.786325915546419e+16,,0.0457799918949604,599,7.186831474304199,15599,0.39432665705680847,0.03205051273107529,,
13.555671691894531,3.798461775137997e+16,,0.04852759838104248,601,6.854459762573242,15649,0.3778911232948303,0.03026258945465088,,
14.41963005065918,3.810597205232845e+16,,0.0471644401550293,603,7.291321754455566,15699,0.38709062337875366,0.03243345022201538,,
8.823750495910645,3.822733064824422e+16,,0.05319857597351074,605,3.141072988510132,15749,1.3041954040527344,0.03657948970794678,,
7.228793621063232,3.83486849491927e+16,,0.11979818344116211,607,2.573301315307617,15799,5.102605819702148,0.08366715908050537,,
8.65837287902832,3.847004354510848e+16,,0.09240400791168213,609,3.082202196121216,15849,1.721843957901001,0.06526380777359009,,
9.554604530334473,3.859139784605696e+16,,0.08207571506500244,611,3.4012420177459717,15899,0.5190557241439819,0.05471038818359375,,
8.40126895904541,3.871275644197274e+16,,0.058454275131225586,613,2.990678310394287,15949,1.508711576461792,0.04586076736450195,,
,3.883411074292122e+16,,0.05222487449645996,615,,15999,0.5524907112121582,0.03750717639923096,,
,,3.883411074292122e+16,,615,,15999,,,0.6769524812698364,0.3911852240562439
,3.895546933883699e+16,,0.06522679328918457,617,,16049,0.48361292481422424,0.04413348436355591,,
,3.907682793475277e+16,,0.04835712909698486,619,,16099,0.5196552276611328,0.030808746814727783,,
,3.919818223570125e+16,,0.06004810333251953,621,,16149,0.5265277624130249,0.03868633508682251,,
,3.931954083161702e+16,,0.051403045654296875,623,,16199,0.5187678933143616,0.034539103507995605,,
12.443477630615234,3.94408951325655e+16,,0.04986400529742241,624,6.2920756340026855,16249,0.5771997570991516,0.03420906141400337,,
10.214486122131348,3.956225372848128e+16,,0.06016981601715088,626,5.164980411529541,16299,0.9554479718208313,0.04338216781616211,,
11.774880409240723,3.968360802942976e+16,,0.05533874034881592,628,5.953997611999512,16349,1.0910249948501587,0.043581366539001465,,
8.533000946044922,3.980496662534554e+16,,0.04770517349243164,630,3.0375723838806152,16399,0.7869744300842285,0.033337175846099854,,
10.768023490905762,3.992632092629402e+16,,0.11506128311157227,632,3.8331940174102783,16449,3.7167162895202637,0.08326661586761475,,
7.979006290435791,4.004767952220979e+16,,0.08377552032470703,634,2.8403615951538086,16499,0.6162185668945312,0.05419999361038208,,
8.996902465820312,4.016903382315827e+16,,0.07476842403411865,636,3.202711582183838,16549,0.42186665534973145,0.04964035749435425,,
8.422211647033691,4.029039241907405e+16,,0.04798257350921631,638,2.998133420944214,16599,0.5260223150253296,0.03201872110366821,,
,4.041174672002253e+16,,0.05297517776489258,640,,16649,0.4624788463115692,0.03586322069168091,,
,4.05331053159383e+16,,0.07718384265899658,642,,16699,0.6845377087593079,0.056932687759399414,,
,4.065446391185408e+16,,0.05028212070465088,644,,16749,0.5673177242279053,0.03447514772415161,,
,4.077581821280256e+16,,0.05775129795074463,646,,16799,0.4862872362136841,0.037306785583496094,,
,4.089717680871834e+16,,0.04993879795074463,648,,16849,0.41402238607406616,0.03365737199783325,,
14.767231941223145,4.101853110966682e+16,,0.05043811723589897,649,7.467087745666504,16899,0.6905131340026855,0.0404699333012104,,
10.81102466583252,4.113988970558259e+16,,0.05536079406738281,651,5.4666218757629395,16949,0.7247897982597351,0.03777986764907837,,
14.973809242248535,4.126124400653107e+16,,0.04945182800292969,653,7.571544170379639,16999,0.5035739541053772,0.03830587863922119,,
16.610239028930664,4.138260260244685e+16,,0.04630446434020996,655,5.912902355194092,17049,0.46124789118766785,0.03280764818191528,,
7.452925205230713,4.150395690339533e+16,,0.28000473976135254,657,2.653087615966797,17099,19.02301025390625,0.09387648105621338,,
8.291210174560547,4.16253154993111e+16,,0.08027803897857666,659,2.9514997005462646,17149,0.4762587249279022,0.04992246627807617,,
8.347099304199219,4.174666980025958e+16,,0.07853388786315918,661,2.9713950157165527,17199,0.49054089188575745,0.0544164776802063,,
16.932126998901367,4.186802839617536e+16,,0.04698634147644043,663,6.027487754821777,17249,0.47598543763160706,0.03204292058944702,,
,4.198938269712384e+16,,0.051569223403930664,665,,17299,0.6122605204582214,0.034418344497680664,,
,4.211074129303962e+16,,0.07887065410614014,667,,17349,0.7674640417098999,0.05205988883972168,,
,4.22320955939881e+16,,0.06275808811187744,669,,17399,0.9172871708869934,0.045527517795562744,,
,4.235345418990387e+16,,0.08535563945770264,671,,17449,1.659314513206482,0.06887757778167725,,
,4.247481278581965e+16,,0.05463111400604248,673,,17499,0.5110926032066345,0.036402344703674316,,
11.655679702758789,4.259616708676813e+16,,0.05024585872888565,674,5.893723964691162,17549,0.4950203001499176,0.03594350814819336,,
12.476871490478516,4.27175256826839e+16,,0.04835617542266846,676,6.308961391448975,17599,0.514819324016571,0.03336554765701294,,
13.175788879394531,4.283887998363238e+16,,0.048154234886169434,678,6.662370681762695,17649,0.41364291310310364,0.03390246629714966,,
8.782666206359863,4.296023857954816e+16,,0.04488718509674072,680,3.126447916030884,17699,0.39029404520988464,0.030341923236846924,,
8.93592357635498,4.308159288049664e+16,,0.08126449584960938,682,3.181004285812378,17749,1.88175368309021,0.05783545970916748,,
10.641278266906738,4.320295147641242e+16,,0.07605671882629395,684,3.7880754470825195,17799,0.40802574157714844,0.049286484718322754,,
8.399528503417969,4.33243057773609e+16,,0.0838325023651123,686,2.990058660507202,17849,0.6761667132377625,0.06380707025527954,,
8.195784568786621,4.344566437327667e+16,,0.04615747928619385,688,2.917530059814453,17899,0.6103293895721436,0.03276258707046509,,
,4.356701867422515e+16,,0.04567670822143555,690,,17949,0.40864476561546326,0.031878888607025146,,
,4.368837727014093e+16,,0.06510162353515625,692,,17999,0.40809550881385803,0.04327791929244995,,
,,4.368837727014093e+16,,692,,17999,,,0.39230793714523315,0.29847487807273865
,4.380973157108941e+16,,0.04279029369354248,694,,18049,0.36487844586372375,0.02814018726348877,,
,4.393109016700518e+16,,0.05625712871551514,696,,18099,0.36070314049720764,0.03504365682601929,,
,4.405244876292096e+16,,0.04757285118103027,698,,18149,0.42783015966415405,0.03264343738555908,,
10.577723503112793,4.417380306386944e+16,,0.04654407501220703,699,5.348652362823486,18199,0.41936004161834717,0.03196372836828232,,
13.118332862854004,4.429516165978522e+16,,0.044914960861206055,701,6.633317947387695,18249,0.4077519178390503,0.02967745065689087,,
13.698670387268066,4.44165159607337e+16,,0.04928851127624512,703,6.926767349243164,18299,0.46067172288894653,0.03457003831863403,,
9.264700889587402,4.453787455664947e+16,,0.045117735862731934,705,3.2980422973632812,18349,0.40543246269226074,0.02959543466567993,,
9.167874336242676,4.465922885759795e+16,,0.11075270175933838,707,3.2635741233825684,18399,2.8307723999023438,0.09475576877593994,,
7.956136703491211,4.478058745351373e+16,,0.08149480819702148,709,2.8322205543518066,18449,0.438192754983902,0.05003666877746582,,
10.16191291809082,4.490194175446221e+16,,0.08025777339935303,711,3.617431402206421,18499,0.6702256202697754,0.055658698081970215,,
12.101927757263184,4.502330035037798e+16,,0.045804738998413086,713,4.3080363273620605,18549,0.44640931487083435,0.030884861946105957,,
,4.514465465132646e+16,,0.05432736873626709,715,,18599,1.1347050666809082,0.034917473793029785,,
,4.526601324724224e+16,,0.07069551944732666,717,,18649,0.5819483995437622,0.04700988531112671,,
,4.538736754819072e+16,,0.049919724464416504,719,,18699,0.5447014570236206,0.03443002700805664,,
,4.55087261441065e+16,,0.05363428592681885,721,,18749,0.34398937225341797,0.03479486703872681,,
,4.563008044505498e+16,,0.04769480228424072,723,,18799,0.4096682369709015,0.03138500452041626,,
13.276208877563477,4.575143904097075e+16,,0.04740753397345543,724,6.71314811706543,18849,0.49891164898872375,0.03307027742266655,,
12.07784652709961,4.587279763688653e+16,,0.04468810558319092,726,6.107193470001221,18899,0.2911366820335388,0.02888476848602295,,
11.165709495544434,4.599415193783501e+16,,0.04800856113433838,728,5.645969390869141,18949,0.5085815191268921,0.03689473867416382,,
9.295737266540527,4.611551053375078e+16,,0.04694020748138428,730,3.3090908527374268,18999,0.6451031565666199,0.03335845470428467,,
9.518141746520996,4.623686483469926e+16,,0.06042814254760742,732,3.3882620334625244,19049,2.986515760421753,0.07178926467895508,,
8.656842231750488,4.635822343061504e+16,,0.07812952995300293,734,3.0816571712493896,19099,0.4356192648410797,0.048915326595306396,,
8.91875171661377,4.647957773156352e+16,,0.07318437099456787,736,3.174891471862793,19149,0.348766952753067,0.047090351581573486,,
7.792945861816406,4.66009363274793e+16,,0.08209109306335449,738,2.774127960205078,19199,1.1529531478881836,0.05740940570831299,,
,4.672229062842778e+16,,0.04992842674255371,740,,19249,0.4810014069080353,0.033471763134002686,,
,4.684364922434355e+16,,0.06765162944793701,742,,19299,0.529163122177124,0.044964492321014404,,
,4.696500352529203e+16,,0.05090141296386719,744,,19349,0.5511379241943359,0.03353351354598999,,
,4.708636212120781e+16,,0.058068275451660156,746,,19399,0.4984516501426697,0.038197994232177734,,
,4.720771642215629e+16,,0.04923224449157715,748,,19449,0.44961798191070557,0.033343732357025146,,
23.11917495727539,4.732907501807206e+16,,0.048340797424316406,749,11.690268516540527,19499,0.6198455691337585,0.030650043860077858,,
10.140473365783691,4.745043361398784e+16,,0.0481494665145874,751,5.127555847167969,19549,0.5476155281066895,0.030126452445983887,,
12.069865226745605,4.757178791493632e+16,,0.0509030818939209,753,6.1031575202941895,19599,0.7677616477012634,0.041112661361694336,,
8.581294059753418,4.76931465108521e+16,,0.0414656400680542,755,3.0547635555267334,19649,0.38702523708343506,0.027512311935424805,,
16.854768753051758,4.781450081180058e+16,,0.09470212459564209,757,5.999949932098389,19699,2.5664165019989014,0.07762807607650757,,
9.161484718322754,4.793585940771635e+16,,0.07826876640319824,759,3.2612996101379395,19749,0.5413334369659424,0.05297893285751343,,
7.702988147735596,4.805721370866483e+16,,0.07586586475372314,761,2.742105007171631,19799,0.3821646273136139,0.04867911338806152,,
8.849627494812012,4.817857230458061e+16,,0.05267131328582764,763,3.150284767150879,19849,0.8630716800689697,0.04196065664291382,,
,4.829992660552909e+16,,0.05351865291595459,765,,19899,0.7297130823135376,0.04138237237930298,,
,4.842128520144486e+16,,0.0714256763458252,767,,19949,0.8255178928375244,0.04871261119842529,,
,4.854263950239334e+16,,0.05398976802825928,769,,19999,0.6384468078613281,0.036939918994903564,,
,,4.854263950239334e+16,,769,,19999,,,0.28214168548583984,0.2610188126564026
,4.866399809830912e+16,,0.062319397926330566,771,,20049,0.6068536043167114,0.043025195598602295,,
,4.87853523992576e+16,,0.051317453384399414,773,,20099,0.4626699686050415,0.035733580589294434,,
14.374470710754395,4.890671099517338e+16,,0.064813993871212,774,7.268487453460693,20149,1.122857928276062,0.05658998340368271,,
12.150863647460938,4.902806529612186e+16,,0.04801738262176514,776,6.1441144943237305,20199,0.5257753133773804,0.032306969165802,,
39.46183395385742,4.914942389203763e+16,,0.047417640686035156,778,19.953975677490234,20249,0.389369398355484,0.03525060415267944,,
9.8923921585083,4.927078248795341e+16,,0.04643714427947998,780,3.5214874744415283,20299,0.47450998425483704,0.03192472457885742,,
8.70869255065918,4.939213678890189e+16,,0.08458900451660156,782,3.1001150608062744,20349,6.605539798736572,0.2411136031150818,,
8.473126411437988,4.951349538481766e+16,,0.07855749130249023,784,3.0162582397460938,20399,0.5495732426643372,0.051331281661987305,,
9.874884605407715,4.963484968576614e+16,,0.07347214221954346,786,3.5152549743652344,20449,0.40259090065956116,0.048759639263153076,,
9.533254623413086,4.975620828168192e+16,,0.046172142028808594,788,3.393641948699951,20499,0.4437660872936249,0.030781447887420654,,
,4.98775625826304e+16,,0.05021035671234131,790,,20549,0.5397462844848633,0.03613471984863281,,
,4.999892117854618e+16,,0.07161533832550049,792,,20599,0.591036856174469,0.04546248912811279,,
,5.012027547949466e+16,,0.047872304916381836,794,,20649,0.4829196035861969,0.03334200382232666,,
,5.024163407541043e+16,,0.05566298961639404,796,,20699,0.6845216751098633,0.04095214605331421,,
,5.036298837635891e+16,,0.04899191856384277,798,,20749,0.4490097165107727,0.03361111879348755,,
20.926855087280273,5.048434697227469e+16,,0.04898567125201225,799,10.581716537475586,20799,0.549075722694397,0.03670024871826172,,
20.97543716430664,5.060570127322317e+16,,0.05165684223175049,801,10.606282234191895,20849,0.5881197452545166,0.03397250175476074,,
20.071449279785156,5.072705986913894e+16,,0.05782508850097656,803,10.149178504943848,20899,0.6493100523948669,0.04447364807128906,,
14.751764297485352,5.084841846505472e+16,,0.0467376708984375,805,5.251323699951172,20949,0.47416380047798157,0.03348332643508911,,
20.46569061279297,5.09697727660032e+16,,0.12541723251342773,807,7.28536319732666,20999,12.269111633300781,0.09258902072906494,,
14.651618957519531,5.109113136191898e+16,,0.0760880708694458,809,5.215673923492432,21049,0.4227215647697449,0.04922562837600708,,
14.306066513061523,5.121248566286746e+16,,0.07482302188873291,811,5.09266471862793,21099,0.41748154163360596,0.05027878284454346,,
14.616382598876953,5.133384425878323e+16,,0.04368758201599121,813,5.203130722045898,21149,0.33885592222213745,0.02885335683822632,,
,5.145519855973171e+16,,0.046601057052612305,815,,21199,0.46112319827079773,0.03345566987991333,,
,5.157655715564749e+16,,0.06606411933898926,817,,21249,0.44452452659606934,0.04391050338745117,,
,5.169791145659597e+16,,0.04362010955810547,819,,21299,0.3537669777870178,0.028812170028686523,,
,5.181927005251174e+16,,0.0520174503326416,821,,21349,0.3039654791355133,0.033355772495269775,,
,5.194062435346022e+16,,0.048084259033203125,823,,21399,0.37561243772506714,0.032875239849090576,,
13.090778350830078,5.2061982949376e+16,,0.04412059858441353,824,6.619384765625,21449,0.4095807373523712,0.032724857330322266,,
11.67158031463623,5.218333725032448e+16,,0.04603719711303711,826,5.901763916015625,21499,0.3670443296432495,0.030056118965148926,,
44.509037017822266,5.230469584624026e+16,,0.04531967639923096,828,22.506105422973633,21549,0.45525869727134705,0.03473871946334839,,
9.041662216186523,5.242605444215603e+16,,0.04169797897338867,830,3.2186450958251953,21599,0.4063267111778259,0.027380943298339844,,
9.591742515563965,5.254740874310451e+16,,0.12612080574035645,832,3.4144625663757324,21649,8.595599174499512,0.13974213600158691,,
8.350641250610352,5.266876733902029e+16,,0.07659077644348145,834,2.972656011581421,21699,0.7218594551086426,0.059243619441986084,,
13.82747745513916,5.279012163996877e+16,,0.12302947044372559,836,4.922296524047852,21749,5.616970062255859,0.11098527908325195,,
8.52230453491211,5.291148023588454e+16,,0.05794084072113037,838,3.033764600753784,21799,1.058143138885498,0.04508942365646362,,
,5.303283453683302e+16,,0.050454020500183105,840,,21849,0.5054137110710144,0.03894859552383423,,
,5.31541931327488e+16,,0.06891989707946777,842,,21899,0.5054763555526733,0.04956859350204468,,
,5.327554743369728e+16,,0.04996681213378906,844,,21949,0.5071718692779541,0.03240656852722168,,
,5.339690602961306e+16,,0.05507659912109375,846,,21999,0.37353789806365967,0.03651195764541626,,
,,5.339690602961306e+16,,846,,21999,,,0.3293696641921997,0.29831454157829285
,5.351826033056154e+16,,0.04904353618621826,848,,22049,0.39974668622016907,0.034762680530548096,,
20.173276901245117,5.363961892647731e+16,,0.043228913098573685,849,10.200667381286621,22099,0.3215879797935486,0.02932720258831978,,
20.580554962158203,5.376097322742579e+16,,0.048254966735839844,851,10.406609535217285,22149,0.3744625449180603,0.03193676471710205,,
75.69245147705078,5.388233182334157e+16,,0.04729616641998291,853,38.274078369140625,22199,0.4805060625076294,0.03710538148880005,,
11.435565948486328,5.400368612429005e+16,,0.04404771327972412,855,4.070825576782227,22249,0.4299234449863434,0.030074596405029297,,
12.507999420166016,5.412504472020582e+16,,0.06874501705169678,857,4.452589511871338,22299,9.234559059143066,0.059323668479919434,,
12.537663459777832,5.42464033161216e+16,,0.08296692371368408,859,4.463149547576904,22349,1.1008366346359253,0.05952787399291992,,
12.13609504699707,5.436775761707008e+16,,0.07545661926269531,861,4.320199489593506,22399,0.43671995401382446,0.0494462251663208,,
11.489168167114258,5.448911621298586e+16,,0.04491019248962402,863,4.089906692504883,22449,0.4487238824367523,0.031883418560028076,,
,5.461047051393434e+16,,0.05182528495788574,865,,22499,1.4727507829666138,0.0381389856338501,,
,5.473182910985011e+16,,0.06315934658050537,867,,22549,0.4511158764362335,0.04686683416366577,,
,5.485318341079859e+16,,0.04400348663330078,869,,22599,0.46487757563591003,0.03287261724472046,,
,5.497454200671437e+16,,0.05783212184906006,871,,22649,0.3718165159225464,0.038242995738983154,,
,5.509589630766285e+16,,0.047469258308410645,873,,22699,0.5543870329856873,0.03578382730484009,,
30.954158782958984,5.521725490357862e+16,,0.0452754981815815,874,15.652048110961914,22749,0.3780834674835205,0.033176325261592865,,
22.62425422668457,5.53386092045271e+16,,0.04630625247955322,876,11.440011024475098,22799,0.4207017719745636,0.03234773874282837,,
19.528972625732422,5.545996780044288e+16,,0.05119788646697998,878,9.874874114990234,22849,0.4486110806465149,0.03527742624282837,,
11.956777572631836,5.558132210139136e+16,,0.041260719299316406,880,4.25636625289917,22899,0.2942885756492615,0.027217328548431396,,
12.553266525268555,5.570268069730714e+16,,0.15438580513000488,882,4.468703746795654,22949,5.381556987762451,0.13325148820877075,,
11.962281227111816,5.582403929322291e+16,,0.0779949426651001,884,4.258325099945068,22999,0.4365394413471222,0.049921274185180664,,
12.735331535339355,5.594539359417139e+16,,0.07267284393310547,886,4.533514976501465,23049,0.39526069164276123,0.04774045944213867,,
11.59872817993164,5.606675219008717e+16,,0.04455256462097168,888,4.128907680511475,23099,0.4121609330177307,0.030677616596221924,,
,5.618810649103565e+16,,0.04951465129852295,890,,23149,0.46386826038360596,0.03685647249221802,,
,5.630946508695142e+16,,0.06726193428039551,892,,23199,0.4213030934333801,0.043282151222229004,,
,5.64308193878999e+16,,0.04345238208770752,894,,23249,0.4020693600177765,0.029735028743743896,,
,5.655217798381568e+16,,0.055511474609375,896,,23299,0.4214782118797302,0.03797179460525513,,
,5.667353228476416e+16,,0.04944145679473877,898,,23349,0.5207359790802002,0.03344851732254028,,
20.639245986938477,5.679489088067994e+16,,0.049234773963689804,899,10.436286926269531,23399,0.5141685009002686,0.034811973571777344,,
19.304210662841797,5.691624518162842e+16,,0.04559063911437988,901,9.761222839355469,23449,0.3503201901912689,0.029831111431121826,,
20.69886589050293,5.703760377754419e+16,,0.046030402183532715,903,10.46643352508545,23499,0.4815986454486847,0.03547370433807373,,
12.223857879638672,5.715895807849267e+16,,0.04140794277191162,905,4.351441383361816,23549,0.3318934142589569,0.028082072734832764,,
11.590499877929688,5.728031667440845e+16,,0.167291522026062,907,4.125978946685791,23599,3.0240375995635986,0.07790547609329224,,
11.335604667663574,5.740167097535693e+16,,0.10480749607086182,909,4.03524112701416,23649,2.355714797973633,0.07943177223205566,,
11.6536865234375,5.75230295712727e+16,,0.07651758193969727,911,4.148471832275391,23699,0.4291543662548065,0.05020648241043091,,
12.31770133972168,5.764438816718848e+16,,0.044217467308044434,913,4.384847640991211,23749,0.40066975355148315,0.02982473373413086,,
,5.776574246813696e+16,,0.04443085193634033,915,,23799,0.3995271325111389,0.03153949975967407,,
,5.788710106405274e+16,,0.06761682033538818,917,,23849,0.46429213881492615,0.04557955265045166,,
,5.800845536500122e+16,,0.04396820068359375,919,,23899,0.3779517412185669,0.03210151195526123,,
,5.812981396091699e+16,,0.06396698951721191,921,,23949,0.9957708120346069,0.04619574546813965,,
,5.825116826186547e+16,,0.05370140075683594,923,,23999,0.5263156890869141,0.03765368461608887,,
,,5.825116826186547e+16,,923,,23999,,,0.31818947196006775,0.27337679266929626
21.07244873046875,5.837252685778125e+16,,0.054264068603515625,924,10.655336380004883,24049,0.7270277142524719,0.04265127331018448,,
19.999635696411133,5.849388115872973e+16,,0.046387434005737305,926,10.112865447998047,24099,0.3402408957481384,0.03139698505401611,,
19.261154174804688,5.86152397546455e+16,,0.047798752784729004,928,9.73945140838623,24149,0.40042078495025635,0.033763349056243896,,
11.933719635009766,5.873659405559398e+16,,0.04487144947052002,930,4.248157978057861,24199,0.41684994101524353,0.03136277198791504,,
11.234213829040527,5.885795265150976e+16,,0.10922348499298096,932,3.999148368835449,24249,3.8160016536712646,0.1627037525177002,,
11.759210586547852,5.897930695245824e+16,,0.08310139179229736,934,4.186036586761475,24299,1.7779216766357422,0.06169581413269043,,
17.913898468017578,5.910066554837402e+16,,0.07620322704315186,936,6.376978397369385,24349,0.43740198016166687,0.050507545471191406,,
11.683075904846191,5.922202414428979e+16,,0.04346811771392822,938,4.158934116363525,24399,0.3818345367908478,0.02923297882080078,,
,5.934337844523827e+16,,0.04515111446380615,940,,24449,0.34354928135871887,0.031440556049346924,,
,5.946473704115405e+16,,0.06541502475738525,942,,24499,0.4202859103679657,0.04400134086608887,,
,5.958609134210253e+16,,0.044037461280822754,944,,24549,0.35285961627960205,0.03018873929977417,,
,5.97074499380183e+16,,0.05332612991333008,946,,24599,0.31581398844718933,0.033938705921173096,,
,5.982880423896678e+16,,0.0459597110748291,948,,24649,0.3317207396030426,0.03177303075790405,,
20.346271514892578,5.995016283488256e+16,,0.046288490295410156,949,10.288143157958984,24699,0.4263458549976349,0.033565521240234375,,
19.878746032714844,6.007151713583104e+16,,0.04662501811981201,951,10.051737785339355,24749,0.4688378572463989,0.03164547681808472,,
21.466962814331055,6.019287573174682e+16,,0.045133233070373535,953,10.85482406616211,24799,0.3501046597957611,0.03155040740966797,,
12.018871307373047,6.03142300326953e+16,,0.03935551643371582,955,4.278470516204834,24849,0.32698604464530945,0.027150332927703857,,
18.293624877929688,6.043558862861107e+16,,0.11725616455078125,957,6.512153148651123,24899,13.17287540435791,0.05023753643035889,,
11.704833030700684,6.055694292955955e+16,,0.08097231388092041,959,4.166679382324219,24949,0.5679781436920166,0.053983330726623535,,
11.859593391418457,6.067830152547533e+16,,0.07361352443695068,961,4.221770763397217,24999,0.41699203848838806,0.04764354228973389,,
11.775331497192383,6.079965582642381e+16,,0.06018483638763428,963,4.191775321960449,25049,1.8550676107406616,0.03843814134597778,,
,6.092101442233958e+16,,0.04485189914703369,965,,25099,0.3828469514846802,0.03227812051773071,,
,6.104237301825536e+16,,0.06463265419006348,967,,25149,0.3416513204574585,0.041719794273376465,,
,6.116372731920384e+16,,0.04181098937988281,969,,25199,0.3484521806240082,0.029538452625274658,,
,6.128508591511962e+16,,0.060024261474609375,971,,25249,0.47432854771614075,0.044033944606781006,,
,6.14064402160681e+16,,0.04574429988861084,973,,25299,0.3329843580722809,0.03218156099319458,,
20.558063507080078,6.152779881198387e+16,,0.04906616359949112,974,10.395236015319824,25349,0.43580329418182373,0.03287172317504883,,
19.546131134033203,6.164915311293235e+16,,0.04466414451599121,976,9.883550643920898,25399,0.33106565475463867,0.03025805950164795,,
19.656801223754883,6.177051170884813e+16,,0.048146605491638184,978,9.939510345458984,25449,1.4812313318252563,0.04176539182662964,,
11.502788543701172,6.189186600979661e+16,,0.042945265769958496,980,4.094755172729492,25499,0.5333237648010254,0.032775700092315674,,
11.863909721374512,6.201322460571238e+16,,0.09185481071472168,982,4.223307132720947,25549,3.080653667449951,0.09990447759628296,,
11.500787734985352,6.213457890666086e+16,,0.0764608383178711,984,4.094043254852295,25599,0.4296495020389557,0.049672842025756836,,
11.897976875305176,6.225593750257664e+16,,0.07316696643829346,986,4.235434532165527,25649,0.39462101459503174,0.04736948013305664,,
19.52434730529785,6.237729180352512e+16,,0.04371917247772217,988,6.950264930725098,25699,0.3569219410419464,0.028455913066864014,,
,6.24986503994409e+16,,0.04522848129272461,990,,25749,0.3601301610469818,0.030905961990356445,,
,6.262000899535667e+16,,0.06907844543457031,992,,25799,0.5293543934822083,0.04811805486679077,,
,6.274136329630515e+16,,0.04308426380157471,994,,25849,0.36474746465682983,0.028333425521850586,,
,6.286272189222093e+16,,0.051766157150268555,996,,25899,0.3616699278354645,0.03451430797576904,,
,6.298407619316941e+16,,0.04536914825439453,998,,25949,0.3455156683921814,0.02911996841430664,,
21.001041412353516,6.310543478908518e+16,,0.05496387556195259,999,10.619229316711426,25999,1.1291030645370483,0.04500579833984375,,
,,6.310543478908518e+16,,999,,25999,,,0.2935270071029663,0.2826969623565674
19.502750396728516,6.322678909003366e+16,,0.048961639404296875,1001,9.861614227294922,26049,0.4091460406780243,0.03402823209762573,,
20.378137588500977,6.334814768594944e+16,,0.04331231117248535,1003,10.304256439208984,26099,0.32287901639938354,0.029890000820159912,,
11.913299560546875,6.346950198689792e+16,,0.04060924053192139,1005,4.240888595581055,26149,0.37073224782943726,0.028200984001159668,,
11.648310661315918,6.35908605828137e+16,,0.08740341663360596,1007,4.1465582847595215,26199,2.7052502632141113,0.13675421476364136,,
11.051459312438965,6.371221488376218e+16,,0.08191871643066406,1009,3.934091567993164,26249,1.4856208562850952,0.058359503746032715,,
11.442840576171875,6.383357347967795e+16,,0.0786060094833374,1011,4.073415279388428,26299,0.46611326932907104,0.05213731527328491,,
11.733297348022461,6.395492778062643e+16,,0.046335458755493164,1013,4.176811695098877,26349,0.5646078586578369,0.03583168983459473,,
,6.407628637654221e+16,,0.047914981842041016,1015,,26399,0.44466012716293335,0.03357046842575073,,
,6.419764067749069e+16,,0.06734132766723633,1017,,26449,0.42987021803855896,0.045609474182128906,,
,6.431899927340646e+16,,0.043404221534729004,1019,,26499,0.4097837209701538,0.02953416109085083,,
,6.444035786932224e+16,,0.054443359375,1021,,26549,0.36684876680374146,0.03701812028884888,,
,6.456171217027072e+16,,0.04687333106994629,1023,,26599,0.3662031292915344,0.03147226572036743,,
21.08405113220215,6.46830707661865e+16,,0.046415138989686966,1024,10.661203384399414,26649,0.4004683494567871,0.03163328021764755,,
20.597440719604492,6.480442506713498e+16,,0.04645431041717529,1026,10.41514778137207,26699,0.34688544273376465,0.029670774936676025,,
33.639225006103516,6.492578366305075e+16,,0.04761767387390137,1028,17.0097599029541,26749,0.38817375898361206,0.03395962715148926,,
12.929025650024414,6.504713796399923e+16,,0.04382979869842529,1030,4.602466583251953,26799,0.3844147324562073,0.029014170169830322,,
11.666240692138672,6.516849655991501e+16,,0.09694528579711914,1032,4.15294075012207,26849,3.1928634643554688,0.05905592441558838,,
11.830000877380371,6.528985086086349e+16,,0.0799328088760376,1034,4.211236476898193,26899,0.4495045840740204,0.05298823118209839,,
11.936376571655273,6.541120945677926e+16,,0.08197736740112305,1036,4.249104022979736,26949,0.7209129929542542,0.06520169973373413,,
11.152658462524414,6.553256375772774e+16,,0.04663586616516113,1038,3.970116376876831,26999,0.4659115672111511,0.03222256898880005,,
,6.565392235364352e+16,,0.0451350212097168,1040,,27049,0.34761735796928406,0.031001389026641846,,
,6.5775276654592e+16,,0.06246519088745117,1042,,27099,0.33123689889907837,0.04037410020828247,,
,6.589663525050778e+16,,0.04318737983703613,1044,,27149,0.3092058598995209,0.028028666973114014,,
,6.601799384642355e+16,,0.05581772327423096,1046,,27199,0.4239015579223633,0.03626596927642822,,
,6.613934814737203e+16,,0.045560479164123535,1048,,27249,0.568793535232544,0.030750036239624023,,
49.219757080078125,6.626070674328781e+16,,0.04311733320355415,1049,24.888093948364258,27299,0.42813485860824585,0.032332707196474075,,
20.217432022094727,6.638206104423629e+16,,0.04352772235870361,1051,10.222994804382324,27349,0.31257638335227966,0.02798593044281006,,
20.9442081451416,6.650341964015206e+16,,0.045060157775878906,1053,10.59049129486084,27399,0.41769108176231384,0.03278827667236328,,
11.477740287780762,6.662477394110054e+16,,0.043303728103637695,1055,4.085838794708252,27449,0.4406242370605469,0.02935713529586792,,
11.548748016357422,6.674613253701632e+16,,0.16268455982208252,1057,4.1111159324646,27499,3.5397751331329346,0.0917697548866272,,
11.796141624450684,6.68674868379648e+16,,0.0756293535232544,1059,4.199182987213135,27549,0.4230935871601105,0.05260658264160156,,
11.607341766357422,6.698884543388058e+16,,0.07192122936248779,1061,4.131974220275879,27599,0.39198198914527893,0.04934269189834595,,
12.052038192749023,6.711019973482906e+16,,0.04331088066101074,1063,4.290277004241943,27649,0.3506647050380707,0.029187262058258057,,
,6.723155833074483e+16,,0.06123054027557373,1065,,27699,0.6882303953170776,0.043633222579956055,,
,6.735291263169331e+16,,0.06524276733398438,1067,,27749,0.3533249795436859,0.04202389717102051,,
,6.747427122760909e+16,,0.044953107833862305,1069,,27799,0.4360555410385132,0.03132820129394531,,
,6.759562552855757e+16,,0.049513816833496094,1071,,27849,0.31983035802841187,0.03444397449493408,,
,6.771698412447334e+16,,0.04294002056121826,1073,,27899,0.2936055362224579,0.029425978660583496,,
20.714771270751953,6.783834272038912e+16,,0.05231208726763725,1074,10.474475860595703,27949,0.5425308346748352,0.038561247289180756,,
19.716875076293945,6.79596970213376e+16,,0.04552412033081055,1076,9.969887733459473,27999,0.3145962059497833,0.02993685007095337,,
,,6.79596970213376e+16,,1076,,27999,,,0.3342421054840088,0.28490832448005676
20.655248641967773,6.808105561725338e+16,,0.04471385478973389,1078,10.444378852844238,28049,0.32027286291122437,0.03021329641342163,,
15.734773635864258,6.820240991820186e+16,,0.04041731357574463,1080,5.601254463195801,28099,0.3589267134666443,0.02672022581100464,,
11.664144515991211,6.832376851411763e+16,,0.07589840888977051,1082,4.152194976806641,28149,2.2316203117370605,0.0637633204460144,,
11.647897720336914,6.844512281506611e+16,,0.07944357395172119,1084,4.146411418914795,28199,0.6735982298851013,0.049837350845336914,,
11.417240142822266,6.856648141098189e+16,,0.07690775394439697,1086,4.06430196762085,28249,0.4206256866455078,0.04903477430343628,,
11.66254997253418,6.868783571193037e+16,,0.04164230823516846,1088,4.151627063751221,28299,0.3985554277896881,0.029177367687225342,,
,6.880919430784614e+16,,0.04335010051727295,1090,,28349,0.30913251638412476,0.028370797634124756,,
,6.893054860879462e+16,,0.06366932392120361,1092,,28399,0.4274718165397644,0.0440976619720459,,
,6.90519072047104e+16,,0.04272794723510742,1094,,28449,0.3564858138561249,0.028646767139434814,,
,6.917326150565888e+16,,0.052858591079711914,1096,,28499,0.6216819882392883,0.035558104515075684,,
,6.929462010157466e+16,,0.04741787910461426,1098,,28549,0.6236140131950378,0.03498947620391846,,
20.52326202392578,6.941597869749043e+16,,0.05051231384277344,1099,10.377638816833496,28599,0.48894160985946655,0.03597593307495117,,
73.58544158935547,6.953733299843891e+16,,0.05661368370056152,1101,37.20866394042969,28649,1.416090488433838,0.048785269260406494,,
19.486101150512695,6.965869159435469e+16,,0.0463559627532959,1103,9.853196144104004,28699,0.38431477546691895,0.03161114454269409,,
11.661805152893066,6.978004589530317e+16,,0.03831923007965088,1105,4.15136194229126,28749,0.35189488530158997,0.02627342939376831,,
12.39329719543457,6.990140449121894e+16,,0.05157017707824707,1107,4.411757946014404,28799,1.1330368518829346,0.040938735008239746,,
11.182549476623535,7.002275879216742e+16,,0.07803964614868164,1109,3.9807567596435547,28849,0.5229453444480896,0.05233103036880493,,
13.946770668029785,7.01441173880832e+16,,0.07114577293395996,1111,4.9647626876831055,28899,0.34966039657592773,0.04901123046875,,
11.745031356811523,7.026547168903168e+16,,0.051308512687683105,1113,4.180988788604736,28949,1.4149065017700195,0.03584885597229004,,
,7.038683028494746e+16,,0.044660329818725586,1115,,28999,0.377613365650177,0.03072535991668701,,
,7.050818458589594e+16,,0.06693947315216064,1117,,29049,0.45184823870658875,0.04352235794067383,,
,7.062954318181171e+16,,0.04434502124786377,1119,,29099,0.3832917809486389,0.02884119749069214,,
,7.075089748276019e+16,,0.05116450786590576,1121,,29149,0.30953770875930786,0.03406631946563721,,
,7.087225607867597e+16,,0.04454684257507324,1123,,29199,0.32648321986198425,0.02957332134246826,,
20.223896026611328,7.099361037962445e+16,,0.042757607996463776,1124,10.226263999938965,29249,0.41074439883232117,0.03107156790792942,,
19.49716567993164,7.111496897554022e+16,,0.04429888725280762,1126,9.858790397644043,29299,0.2936682403087616,0.028473854064941406,,
22.320831298828125,7.1236327571456e+16,,0.046399593353271484,1128,11.28658390045166,29349,0.3381941318511963,0.03196972608566284,,
11.868354797363281,7.135768187240448e+16,,0.04074060916900635,1130,4.224889755249023,29399,0.3279389441013336,0.026818156242370605,,
16.585126876831055,7.147904046832026e+16,,0.08352899551391602,1132,5.903963088989258,29449,9.520139694213867,0.32790911197662354,,
11.615947723388672,7.160039476926874e+16,,0.07647323608398438,1134,4.135037899017334,29499,0.41180944442749023,0.04854869842529297,,
11.486584663391113,7.172175336518451e+16,,0.07295238971710205,1136,4.088986873626709,29549,0.342311292886734,0.04890453815460205,,
12.425381660461426,7.184310766613299e+16,,0.04150557518005371,1138,4.423179626464844,29599,0.3765611946582794,0.029718101024627686,,
,7.196446626204877e+16,,0.049512267112731934,1140,,29649,1.1005401611328125,0.03518378734588623,,
,7.208582056299725e+16,,0.0631476640701294,1142,,29699,0.350990355014801,0.04154407978057861,,
,7.220717915891302e+16,,0.04082012176513672,1144,,29749,0.3531794548034668,0.028311192989349365,,
,7.23285377548288e+16,,0.05237162113189697,1146,,29799,0.3754911422729492,0.0355188250541687,,
,7.244988776080998e+16,,0.044635653495788574,1148,,29849,0.3395201861858368,0.028849661350250244,,
20.120811462402344,7.257124635672576e+16,,0.043856240808963776,1149,10.174138069152832,29899,0.40157920122146606,0.03235750272870064,,
19.0384464263916,7.269260495264154e+16,,0.04410290718078613,1151,9.626837730407715,29949,0.3862558603286743,0.030242621898651123,,
19.23018455505371,7.281396354855731e+16,,0.04261183738708496,1153,9.723790168762207,29999,0.3242194652557373,0.03187692165374756,,
,,7.281396354855731e+16,,1153,,29999,,,0.5394684672355652,0.3728576600551605
12.15928840637207,7.293532214447309e+16,,0.04076504707336426,1155,4.328455924987793,30049,0.4060003161430359,0.029158413410186768,,
11.966803550720215,7.305667215045427e+16,,0.0823206901550293,1157,4.259934902191162,30099,1.9867099523544312,0.18068760633468628,,
11.277868270874023,7.317803074637005e+16,,0.0768810510635376,1159,4.014688491821289,30149,0.4109041690826416,0.04791361093521118,,
12.181838035583496,7.329938934228582e+16,,0.07364308834075928,1161,4.336483001708984,30199,0.42953580617904663,0.048337459564208984,,
21.67909049987793,7.34207479382016e+16,,0.039127230644226074,1163,7.717308521270752,30249,0.2700083255767822,0.02604144811630249,,
,7.354209794418278e+16,,0.04804086685180664,1165,,30299,0.47532710433006287,0.0315929651260376,,
,7.366345654009856e+16,,0.06440699100494385,1167,,30349,0.38826000690460205,0.04313313961029053,,
,7.378481513601434e+16,,0.045076608657836914,1169,,30399,0.41205042600631714,0.0292854905128479,,
,7.390617373193011e+16,,0.05675613880157471,1171,,30449,0.3889065980911255,0.04066747426986694,,
,7.40275237379113e+16,,0.04843616485595703,1173,,30499,0.36564502120018005,0.03632634878158569,,
19.36842155456543,7.414888233382707e+16,,0.05771617963910103,1174,9.79369068145752,30549,0.9025312066078186,0.044562242925167084,,
20.699644088745117,7.427024092974285e+16,,0.0453188419342041,1176,10.466827392578125,30599,0.36207085847854614,0.030156731605529785,,
19.673080444335938,7.439159952565862e+16,,0.0434490442276001,1178,9.947742462158203,30649,0.32062017917633057,0.03139960765838623,,
12.132149696350098,7.45129581215744e+16,,0.03959488868713379,1180,4.3187947273254395,30699,0.2856103479862213,0.025011718273162842,,
11.381909370422363,7.463430812755558e+16,,0.06602168083190918,1182,4.051724910736084,30749,1.220116138458252,0.057903409004211426,,
13.867522239685059,7.475566672347136e+16,,0.07452046871185303,1184,4.936552047729492,30799,0.3826737403869629,0.04963183403015137,,
13.107906341552734,7.487702531938714e+16,,0.07689809799194336,1186,4.666144371032715,30849,0.587585985660553,0.05007582902908325,,
11.719922065734863,7.499838391530291e+16,,0.05682063102722168,1188,4.172050476074219,30899,2.6468071937561035,0.03795522451400757,,
,7.51197339212841e+16,,0.04260563850402832,1190,,30949,0.32611826062202454,0.028310060501098633,,
,7.524109251719987e+16,,0.07119154930114746,1192,,30999,0.49596691131591797,0.04580050706863403,,
,7.536245111311565e+16,,0.043012142181396484,1194,,31049,0.3704712986946106,0.030173540115356445,,
,7.548380970903142e+16,,0.050058841705322266,1196,,31099,0.25897371768951416,0.032029151916503906,,
,7.56051597150126e+16,,0.04280197620391846,1198,,31149,0.2728639245033264,0.027693510055541992,,
22.691530227661133,7.572651831092838e+16,,0.04293022304773331,1199,11.474029541015625,31199,0.4138655960559845,0.031754303723573685,,
20.153858184814453,7.584787690684416e+16,,0.04352211952209473,1201,10.190848350524902,31249,0.3618932366371155,0.02899843454360962,,
20.238027572631836,7.596923550275994e+16,,0.046164512634277344,1203,10.233409881591797,31299,0.3728039562702179,0.0317460298538208,,
11.901859283447266,7.609059409867571e+16,,0.04217171669006348,1205,4.23681640625,31349,0.3868067264556885,0.027958393096923828,,
11.568814277648926,7.62119441046569e+16,,0.09314453601837158,1207,4.118259429931641,31399,16.859052658081055,0.09395742416381836,,
11.33395004272461,7.633330270057267e+16,,0.07661080360412598,1209,4.034652233123779,31449,0.5445255637168884,0.05291265249252319,,
12.150461196899414,7.645466129648845e+16,,0.10076546669006348,1211,4.325313568115234,31499,4.419909477233887,0.09044981002807617,,
11.882044792175293,7.657601989240422e+16,,0.04590582847595215,1213,4.229762554168701,31549,0.424451619386673,0.031339168548583984,,
,7.66973698983854e+16,,0.048621416091918945,1215,,31599,0.4679511487483978,0.03752201795578003,,
,7.681872849430118e+16,,0.06486189365386963,1217,,31649,0.5006637573242188,0.04401135444641113,,
,7.694008709021696e+16,,0.04049026966094971,1219,,31699,0.35013023018836975,0.02923285961151123,,
,7.706144568613274e+16,,0.05239129066467285,1221,,31749,0.33458569645881653,0.03588128089904785,,
,7.718279569211392e+16,,0.04541051387786865,1223,,31799,0.3174986243247986,0.030887186527252197,,
25.787153244018555,7.73041542880297e+16,,0.05979614332318306,1224,13.039339065551758,31849,0.7169320583343506,0.051795102655887604,,
21.49238395690918,7.742551288394547e+16,,0.0462956428527832,1226,10.867677688598633,31899,0.5016177296638489,0.03326338529586792,,
19.812318801879883,7.754687147986125e+16,,0.048192620277404785,1228,10.018149375915527,31949,0.46431612968444824,0.03561520576477051,,
11.654557228088379,7.766822148584243e+16,,0.04141581058502197,1230,4.148781776428223,31999,0.3483486771583557,0.026283204555511475,,
,,7.766822148584243e+16,,1230,,31999,,,0.40271666646003723,0.3341902196407318
11.358786582946777,7.77895800817582e+16,,0.11790716648101807,1232,4.043493747711182,32049,4.2718729972839355,0.04316365718841553,,
12.594842910766602,7.791093867767398e+16,,0.07624959945678711,1234,4.483503818511963,32099,0.5007337927818298,0.050925612449645996,,
12.635275840759277,7.803229727358976e+16,,0.07548165321350098,1236,4.497897624969482,32149,0.382106214761734,0.049616873264312744,,
11.357940673828125,7.815365586950554e+16,,0.06431448459625244,1238,4.043192386627197,32199,1.8243404626846313,0.04259228706359863,,
,7.827500587548672e+16,,0.0496598482131958,1240,,32249,0.4824761152267456,0.035346031188964844,,
,7.83963644714025e+16,,0.06515896320343018,1242,,32299,0.42046353220939636,0.044936537742614746,,
,7.851772306731827e+16,,0.04485607147216797,1244,,32349,0.434570848941803,0.029461920261383057,,
,7.863908166323405e+16,,0.06636345386505127,1246,,32399,0.7365005016326904,0.056957900524139404,,
,7.876043166921523e+16,,0.04679429531097412,1248,,32449,0.4230356812477112,0.032097041606903076,,
20.501401901245117,7.8881790265131e+16,,0.041930582374334335,1249,10.366585731506348,32499,0.3250178396701813,0.031594276428222656,,
19.534221649169922,7.900314886104678e+16,,0.05224931240081787,1251,9.877528190612793,32549,0.6793598532676697,0.04218858480453491,,
20.57570457458496,7.912450745696256e+16,,0.04796552658081055,1253,10.404156684875488,32599,0.5168768763542175,0.03683197498321533,,
16.48479652404785,7.924585746294374e+16,,0.03868603706359863,1255,5.868247032165527,32649,0.3209359645843506,0.02541041374206543,,
11.907771110534668,7.936721605885952e+16,,0.04913210868835449,1257,4.238921165466309,32699,0.5611374378204346,0.037252962589263916,,
12.042559623718262,7.94885746547753e+16,,0.0746769905090332,1259,4.28690242767334,32749,0.3869905471801758,0.04724019765853882,,
11.665083885192871,7.960993325069107e+16,,0.07796549797058105,1261,4.152529239654541,32799,0.5263820290565491,0.05192756652832031,,
11.743265151977539,7.973129184660685e+16,,0.042668700218200684,1263,4.180360317230225,32849,0.30243125557899475,0.028836369514465332,,
,7.985264185258803e+16,,0.04337739944458008,1265,,32899,0.3479745090007782,0.031877100467681885,,
,7.99740004485038e+16,,0.06467163562774658,1267,,32949,0.40677303075790405,0.04088485240936279,,
,8.009535904441958e+16,,0.04467463493347168,1269,,32999,0.3880999684333801,0.027772188186645508,,
,8.021671764033536e+16,,0.05728709697723389,1271,,33049,0.4845224916934967,0.041065096855163574,,
,8.033806764631654e+16,,0.04678642749786377,1273,,33099,0.3461154103279114,0.031010925769805908,,
21.69129753112793,8.045942624223232e+16,,0.06899452209472656,1274,10.968259811401367,33149,2.140470266342163,0.056793212890625,,
34.79404830932617,8.05807848381481e+16,,0.04720568656921387,1276,17.59369659423828,33199,0.37239933013916016,0.031245112419128418,,
21.291494369506836,8.070214343406387e+16,,0.04399228096008301,1278,10.766097068786621,33249,0.2910936176776886,0.03062725067138672,,
10.818381309509277,8.082349344004506e+16,,0.0395197868347168,1280,3.8511204719543457,33299,0.2725135087966919,0.025642752647399902,,
11.919310569763184,8.094485203596083e+16,,0.11738920211791992,1282,4.24302864074707,33349,2.629185199737549,0.06498908996582031,,
12.617359161376953,8.10662106318766e+16,,0.07309341430664062,1284,4.491519451141357,33399,0.4297977089881897,0.04870706796646118,,
13.514059066772461,8.118756922779238e+16,,0.07118344306945801,1286,4.810726165771484,33449,0.3514859080314636,0.04831165075302124,,
11.962103843688965,8.130892782370816e+16,,0.040427207946777344,1288,4.2582621574401855,33499,0.31133008003234863,0.026998579502105713,,
,8.143027782968934e+16,,0.04356682300567627,1290,,33549,0.3917889893054962,0.03197401762008667,,
,8.155163642560512e+16,,0.06290268898010254,1292,,33599,0.34254005551338196,0.04236358404159546,,
,8.16729950215209e+16,,0.0475306510925293,1294,,33649,0.4185296595096588,0.036249399185180664,,
,8.179435361743667e+16,,0.0495227575302124,1296,,33699,0.33305585384368896,0.03435176610946655,,
,8.191570362341786e+16,,0.04285240173339844,1298,,33749,0.266746461391449,0.02807515859603882,,
20.490678787231445,8.203706221933363e+16,,0.07445087283849716,1299,10.361163139343262,33799,1.1948622465133667,0.06193981319665909,,
19.580293655395508,8.21584208152494e+16,,0.046398282051086426,1301,9.900824546813965,33849,0.48756691813468933,0.0331607460975647,,
21.489973068237305,8.227977941116518e+16,,0.04353821277618408,1303,10.866458892822266,33899,0.377768874168396,0.0329166054725647,,
11.625338554382324,8.240112941714637e+16,,0.03781688213348389,1305,4.138380527496338,33949,0.4625128209590912,0.03114616870880127,,
17.416980743408203,8.252248801306214e+16,,0.12173342704772949,1307,6.2000861167907715,33999,4.543886184692383,0.1107056736946106,,
,,8.252248801306214e+16,,1307,,33999,,,0.27897879481315613,0.25706005096435547
11.432411193847656,8.264384660897792e+16,,0.08073699474334717,1309,4.069702625274658,34049,0.5607577562332153,0.05837523937225342,,
11.968636512756348,8.27652052048937e+16,,0.07564544677734375,1311,4.260587692260742,34099,0.48757204413414,0.05190509557723999,,
12.848527908325195,8.288656380080947e+16,,0.042821526527404785,1313,4.573811054229736,34149,0.32207414507865906,0.03051680326461792,,
,8.300791380679066e+16,,0.043827056884765625,1315,,34199,0.3451940417289734,0.03143805265426636,,
,8.312927240270643e+16,,0.061776041984558105,1317,,34249,0.3243868947029114,0.04066652059555054,,
,8.32506309986222e+16,,0.04158306121826172,1319,,34299,0.33922672271728516,0.027495861053466797,,
,8.337198959453798e+16,,0.053423404693603516,1321,,34349,0.3207755982875824,0.03515547513961792,,
,8.349333960051917e+16,,0.04415607452392578,1323,,34399,0.31528735160827637,0.028305768966674805,,
20.95783233642578,8.361469819643494e+16,,0.042548369616270065,1324,10.597380638122559,34449,0.35688838362693787,0.029300689697265625,,
21.171524047851562,8.373605679235072e+16,,0.044471144676208496,1326,10.70543384552002,34499,0.35952243208885193,0.030887901782989502,,
19.95478057861328,8.38574153882665e+16,,0.043306708335876465,1328,10.090185165405273,34549,0.281673401594162,0.030291438102722168,,
11.658883094787598,8.397876539424768e+16,,0.0415576696395874,1330,4.150321960449219,34599,0.3685143291950226,0.028038620948791504,,
11.52854061126709,8.410012399016346e+16,,0.06693506240844727,1332,4.103922367095947,34649,1.042069673538208,0.06355571746826172,,
11.487887382507324,8.422148258607923e+16,,0.09431684017181396,1334,4.089450836181641,34699,1.9517544507980347,0.06963783502578735,,
11.673368453979492,8.4342841181995e+16,,0.07530069351196289,1336,4.155478000640869,34749,0.40267693996429443,0.04948335886001587,,
18.6141414642334,8.44641911879762e+16,,0.05092167854309082,1338,6.626250267028809,34799,0.6039742231369019,0.03388744592666626,,
,8.458554978389197e+16,,0.04370284080505371,1340,,34849,0.3287201523780823,0.029845833778381348,,
,8.470690837980774e+16,,0.06386888027191162,1342,,34899,0.3790569603443146,0.04244726896286011,,
,8.482826697572352e+16,,0.045857787132263184,1344,,34949,0.4062232971191406,0.03149223327636719,,
,8.49496255716393e+16,,0.05074167251586914,1346,,34999,0.29099106788635254,0.03299605846405029,,
,8.507097557762048e+16,,0.0470583438873291,1348,,35049,0.40764448046684265,0.03277868032455444,,
20.762001037597656,8.519233417353626e+16,,0.04478969797492027,1349,10.498357772827148,35099,0.3950151801109314,0.032082460820674896,,
20.186891555786133,8.531369276945203e+16,,0.0425870418548584,1351,10.207552909851074,35149,0.6568534970283508,0.03220564126968384,,
21.560888290405273,8.54350513653678e+16,,0.04966425895690918,1353,10.90231704711914,35199,0.5439292788505554,0.04094338417053223,,
11.44774055480957,8.5556401371349e+16,,0.04335784912109375,1355,4.075159549713135,35249,0.3321548402309418,0.030723869800567627,,
12.530553817749023,8.567775996726477e+16,,0.17040443420410156,1357,4.460618495941162,35299,3.5525729656219482,0.08050894737243652,,
13.763668060302734,8.579911856318054e+16,,0.07834124565124512,1359,4.8995819091796875,35349,0.4681544005870819,0.05050784349441528,,
12.027703285217285,8.592047715909632e+16,,0.08272778987884521,1361,4.281614303588867,35399,0.6334303021430969,0.0743749737739563,,
11.814549446105957,8.60418271650775e+16,,0.04179668426513672,1363,4.205735683441162,35449,0.34111565351486206,0.030311882495880127,,
,8.616318576099328e+16,,0.04224276542663574,1365,,35499,0.33541780710220337,0.030139923095703125,,
,8.628454435690906e+16,,0.06515836715698242,1367,,35549,0.5381672382354736,0.04656875133514404,,
,8.640590295282483e+16,,0.04390525817871094,1369,,35599,0.3809337615966797,0.03038036823272705,,
,8.65272615487406e+16,,0.053112030029296875,1371,,35649,0.6442306637763977,0.03705722093582153,,
,8.66486115547218e+16,,0.041957736015319824,1373,,35699,0.28753259778022766,0.029013514518737793,,
20.167757034301758,8.676997015063757e+16,,0.04299011453986168,1374,10.197876930236816,35749,0.3829750120639801,0.030644703656435013,,
20.912548065185547,8.689132874655334e+16,,0.043465495109558105,1376,10.574481964111328,35799,0.3071052134037018,0.02821981906890869,,
20.37957000732422,8.701268734246912e+16,,0.07620549201965332,1378,10.304980278015137,35849,1.2702635526657104,0.06091713905334473,,
13.846465110778809,8.71340373484503e+16,,0.0406721830368042,1380,4.929055690765381,35899,0.33608782291412354,0.02649819850921631,,
11.155614852905273,8.725539594436608e+16,,0.09529292583465576,1382,3.9711687564849854,35949,4.284206867218018,0.18542695045471191,,
11.482772827148438,8.737675454028186e+16,,0.07664632797241211,1384,4.087630271911621,35999,0.44543540477752686,0.053529560565948486,,
,,8.737675454028186e+16,,1384,,35999,,,0.32106178998947144,0.27607491612434387
11.55788803100586,8.749811313619763e+16,,0.07785749435424805,1386,4.114369869232178,36049,0.51718670129776,0.05094480514526367,,
12.081650733947754,8.761946314217882e+16,,0.0576174259185791,1388,4.30081844329834,36099,0.9645887613296509,0.040289461612701416,,
,8.77408217380946e+16,,0.04549574851989746,1390,,36149,0.4835713803768158,0.03328138589859009,,
,8.786218033401037e+16,,0.06741225719451904,1392,,36199,0.458700954914093,0.0441470742225647,,
,8.798353892992614e+16,,0.04203677177429199,1394,,36249,0.39661693572998047,0.02984023094177246,,
,8.810489752584192e+16,,0.05178272724151611,1396,,36299,0.3062644898891449,0.03434723615646362,,
,8.82262475318231e+16,,0.04657387733459473,1398,,36349,0.3410240113735199,0.033907413482666016,,
47.73251724243164,8.834760612773888e+16,,0.04964122921228409,1399,24.136066436767578,36399,0.608511209487915,0.04022369533777237,,
20.574419021606445,8.846896472365466e+16,,0.04808342456817627,1401,10.403507232666016,36449,0.4951649606227875,0.03302568197250366,,
20.590476989746094,8.859032331957043e+16,,0.04514622688293457,1403,10.411625862121582,36499,0.32456567883491516,0.03144729137420654,,
11.995031356811523,8.871167332555162e+16,,0.039820194244384766,1405,4.269983768463135,36549,0.31671378016471863,0.0270882248878479,,
11.915794372558594,8.88330319214674e+16,,0.1885852813720703,1407,4.241776943206787,36599,8.758237838745117,0.06525683403015137,,
11.971268653869629,8.895439051738317e+16,,0.09264910221099854,1409,4.261524677276611,36649,0.808946430683136,0.06668388843536377,,
12.056196212768555,8.907574911329894e+16,,0.07215762138366699,1411,4.291757106781006,36699,0.35557985305786133,0.049085140228271484,,
12.065164566040039,8.919709911928013e+16,,0.04606795310974121,1413,4.294949531555176,36749,1.0036617517471313,0.0334392786026001,,
,8.93184577151959e+16,,0.047977447509765625,1415,,36799,0.47617870569229126,0.03978842496871948,,
,8.943981631111168e+16,,0.06284654140472412,1417,,36849,0.40218183398246765,0.04269498586654663,,
,8.956117490702746e+16,,0.040273189544677734,1419,,36899,0.2958424389362335,0.027065753936767578,,
,8.968253350294323e+16,,0.06158554553985596,1421,,36949,1.1211200952529907,0.04634815454483032,,
,8.980388350892442e+16,,0.04276418685913086,1423,,36999,0.29971423745155334,0.03002399206161499,,
20.858882904052734,8.99252421048402e+16,,0.04488182067871094,1424,10.547347068786621,37049,0.4007527530193329,0.03486795350909233,,
20.576812744140625,9.004660070075597e+16,,0.044484734535217285,1426,10.404717445373535,37099,0.36338475346565247,0.02995586395263672,,
20.10905647277832,9.016795929667174e+16,,0.04484093189239502,1428,10.168194770812988,37149,0.3037868142127991,0.03268301486968994,,
11.996358871459961,9.028930930265293e+16,,0.03753769397735596,1430,4.270456314086914,37199,0.2787833511829376,0.026537179946899414,,
11.495509147644043,9.04106678985687e+16,,0.05750632286071777,1432,4.092164039611816,37249,1.4263566732406616,0.041742801666259766,,
10.898520469665527,9.053202649448448e+16,,0.07767701148986816,1434,3.879648208618164,37299,0.4229523539543152,0.05281943082809448,,
12.470637321472168,9.065338509040026e+16,,0.07355165481567383,1436,4.439289569854736,37349,0.4193057119846344,0.0485377311706543,,
11.33216381072998,9.077473509638144e+16,,0.04167449474334717,1438,4.034016132354736,37399,0.2896798253059387,0.028564631938934326,,
,9.089609369229722e+16,,0.04991567134857178,1440,,37449,0.4234689474105835,0.03338676691055298,,
,9.1017452288213e+16,,0.06509733200073242,1442,,37499,0.4612814784049988,0.04392272233963013,,
,9.113881088412877e+16,,0.04082441329956055,1444,,37549,0.32002803683280945,0.02801823616027832,,
,9.126016089010995e+16,,0.05352497100830078,1446,,37599,0.4679986834526062,0.03674209117889404,,
,9.138151948602573e+16,,0.04261291027069092,1448,,37649,0.26851606369018555,0.028859078884124756,,
22.035417556762695,9.15028780819415e+16,,0.042291831225156784,1449,11.142264366149902,37699,0.31395551562309265,0.02893218956887722,,
50.98667526245117,9.162423667785728e+16,,0.041890740394592285,1451,25.781539916992188,37749,0.35242655873298645,0.028465330600738525,,
20.325393676757812,9.174559527377306e+16,,0.04303157329559326,1453,10.277585983276367,37799,0.28927910327911377,0.029803574085235596,,
11.874031066894531,9.186694527975424e+16,,0.03783893585205078,1455,4.22691011428833,37849,0.2709257900714874,0.02562779188156128,,
11.955706596374512,9.198830387567002e+16,,0.07494497299194336,1457,4.255984783172607,37899,1.2604268789291382,0.0666964054107666,,
11.66717529296875,9.21096624715858e+16,,0.06965076923370361,1459,4.153273582458496,37949,0.31221887469291687,0.04487484693527222,,
11.679308891296387,9.223102106750157e+16,,0.06830549240112305,1461,4.157593250274658,37999,0.309751957654953,0.045623779296875,,
,,9.223102106750157e+16,,1461,,37999,,,0.5985198020935059,0.3412647843360901
11.598326683044434,9.235237107348275e+16,,0.03936779499053955,1463,4.128765106201172,38049,0.29910629987716675,0.02760899066925049,,
,9.247372966939853e+16,,0.041406869888305664,1465,,38099,0.2587053179740906,0.029126763343811035,,
,9.25950882653143e+16,,0.06227242946624756,1467,,38149,0.3501630127429962,0.0397719144821167,,
,9.271644686123008e+16,,0.04129338264465332,1469,,38199,0.2895565927028656,0.02759373188018799,,
,9.283779686721126e+16,,0.056850433349609375,1471,,38249,0.4081936478614807,0.03977566957473755,,
,9.295915546312704e+16,,0.0415949821472168,1473,,38299,0.2604093849658966,0.027936220169067383,,
19.7501163482666,9.308051405904282e+16,,0.04425449296832085,1474,9.986696243286133,38349,0.37319841980934143,0.03188610076904297,,
20.48665428161621,9.32018726549586e+16,,0.04266679286956787,1476,10.35912799835205,38399,0.32001927495002747,0.029601335525512695,,
18.361738204956055,9.332323125087437e+16,,0.04588818550109863,1478,9.284658432006836,38449,0.40744513273239136,0.0340765118598938,,
11.793021202087402,9.344458125685555e+16,,0.039711952209472656,1480,4.19807243347168,38499,0.3217734694480896,0.026783406734466553,,
17.057828903198242,9.356593985277133e+16,,0.09768593311309814,1482,6.072235107421875,38549,1.2609212398529053,0.10494023561477661,,
11.153846740722656,9.36872984486871e+16,,0.07384073734283447,1484,3.970539093017578,38599,0.3868471384048462,0.048340559005737305,,
11.908782005310059,9.380865704460288e+16,,0.06918489933013916,1486,4.239280700683594,38649,0.3066960573196411,0.04630202054977417,,
12.28912353515625,9.393000705058406e+16,,0.04248392581939697,1488,4.374674320220947,38699,0.45730721950531006,0.03239333629608154,,
,9.405136564649984e+16,,0.04640674591064453,1490,,38749,0.3969276249408722,0.03183811902999878,,
,9.417272424241562e+16,,0.06127822399139404,1492,,38799,0.31186845898628235,0.039547085762023926,,
,9.42940828383314e+16,,0.03848576545715332,1494,,38849,0.3062075674533844,0.02587825059890747,,
,9.441543284431258e+16,,0.04880857467651367,1496,,38899,0.29678747057914734,0.033958256244659424,,
,9.453679144022835e+16,,0.041822075843811035,1498,,38949,0.292354017496109,0.029659926891326904,,
20.64984893798828,9.465815003614413e+16,,0.041315462440252304,1499,10.44164752960205,38999,0.33342456817626953,0.029073238372802734,,
19.994356155395508,9.47795086320599e+16,,0.041664719581604004,1501,10.110196113586426,39049,0.30685529112815857,0.02902519702911377,,
18.41730499267578,9.490086722797568e+16,,0.04216575622558594,1503,9.312756538391113,39099,0.2985694110393524,0.02887946367263794,,
11.600397109985352,9.502221723395686e+16,,0.04354429244995117,1505,4.129501819610596,39149,0.9272670745849609,0.03244900703430176,,
11.92236328125,9.514357582987264e+16,,0.07409656047821045,1507,4.244115352630615,39199,4.9057936668396,0.15979129076004028,,
11.33239459991455,9.526493442578842e+16,,0.07388019561767578,1509,4.0340986251831055,39249,0.3582034409046173,0.0471988320350647,,
12.22198486328125,9.53862930217042e+16,,0.07118785381317139,1511,4.35077428817749,39299,0.3806067407131195,0.046897292137145996,,
17.149547576904297,9.550764302768538e+16,,0.046648621559143066,1513,6.104885101318359,39349,0.5662562251091003,0.03531593084335327,,
,9.562900162360115e+16,,0.045043230056762695,1515,,39399,0.413374662399292,0.030772924423217773,,
,9.575036021951693e+16,,0.06405973434448242,1517,,39449,0.38277870416641235,0.04257279634475708,,
,9.58717188154327e+16,,0.04146862030029297,1519,,39499,0.3432195782661438,0.028804481029510498,,
,9.599306882141389e+16,,0.048407673835754395,1521,,39549,0.30523544549942017,0.034177541732788086,,
,9.611442741732966e+16,,0.04628956317901611,1523,,39599,0.4725091755390167,0.03430730104446411,,
20.125343322753906,9.623578601324544e+16,,0.040740396827459335,1524,10.176430702209473,39649,0.3317922055721283,0.02929658815264702,,
20.295969009399414,9.635714460916122e+16,,0.04720020294189453,1526,10.262707710266113,39699,0.3378543555736542,0.03195774555206299,,
21.42584228515625,9.6478503205077e+16,,0.04685938358306885,1528,10.834031105041504,39749,0.38750433921813965,0.035636186599731445,,
11.683669090270996,9.659985321105818e+16,,0.043360114097595215,1530,4.159145355224609,39799,0.43953827023506165,0.03137075901031494,,
12.30168628692627,9.672121180697395e+16,,0.14500951766967773,1532,4.379146575927734,39849,5.986804485321045,0.07040989398956299,,
17.20431900024414,9.684257040288973e+16,,0.12695527076721191,1534,6.124382495880127,39899,1.4466856718063354,0.08378082513809204,,
11.58474349975586,9.69639289988055e+16,,0.07430863380432129,1536,4.123929977416992,39949,0.35358136892318726,0.04937106370925903,,
12.125110626220703,9.708527900478669e+16,,0.03967583179473877,1538,4.316288948059082,39999,0.31203898787498474,0.02686554193496704,,
,,9.708527900478669e+16,,1538,,39999,,,1.9122086763381958,0.4716240167617798
